Transaction_ID,Date,Product_Category,Product_Name,Quantity_Sold,Unit_Price,Payment_Method,Customer_Type,Region,Discount_Applied,Total_Sales
1001,2026-04-13,Rice,Vegetable Oil,2,840.6,GCash,Wholesale,Luzon,0.08,1546.7
1002,2026-02-21,Rice,Premium Rice,27,571.71,Bank Transfer,Wholesale,Mindanao,0.11,13738.19
1003,2026-04-03,Eggs,Premium Rice,21,909.63,Bank Transfer,Wholesale,Luzon,0.05,18147.12
1004,2026-01-15,Rice,Vegetable Oil,38,811.22,Cash,Wholesale,Visayas,0.08,28360.25
1005,2026-04-17,Rice,Well-Milled Rice,15,1177.12,Bank Transfer,Retail,Visayas,0.13,15361.42
1006,2026-03-13,Eggs,Well-Milled Rice,21,1105.78,Bank Transfer,Retail,Mindanao,0.07,21595.88
1007,2026-03-02,Oil,Well-Milled Rice,10,864.59,Cash,Wholesale,Luzon,0.05,8213.6
1008,2026-01-21,Oil,Sinandomeng,23,717.89,GCash,Retail,Mindanao,0.08,15190.55
1009,2026-04-13,Eggs,Well-Milled Rice,39,1488.04,Bank Transfer,Wholesale,Mindanao,0.11,51649.87
1010,2026-03-24,Eggs,Dinorado,5,954.0,Cash,Wholesale,Luzon,0.07,4436.1
1011,2026-03-28,Eggs,Angelika,1,1188.27,Bank Transfer,Retail,Mindanao,0.14,1021.91
1012,2026-03-16,Eggs,Well-Milled Rice,13,640.55,Bank Transfer,Retail,Visayas,0.04,7994.06
1013,2026-03-16,Eggs,Vegetable Oil,21,985.59,Bank Transfer,Wholesale,Mindanao,0.07,19248.57
1014,2026-03-29,Oil,Angelika,26,527.54,Bank Transfer,Wholesale,Luzon,0.11,12207.28
1015,2026-04-27,Oil,Sinandomeng,45,1005.46,Cash,Retail,Luzon,0.1,40721.13
1016,2026-04-10,Eggs,Vegetable Oil,21,1464.02,Cash,Wholesale,Visayas,0.13,26747.65
1017,2026-04-14,Rice,Angelika,18,884.21,Cash,Retail,Luzon,0.15,13528.41
1018,2026-01-24,Eggs,Vegetable Oil,37,539.0,Bank Transfer,Wholesale,Luzon,0.06,18746.42
1019,2026-01-03,Rice,Sinandomeng,45,530.96,Bank Transfer,Wholesale,Visayas,0.02,23415.34
1020,2026-01-22,Eggs,Dinorado,32,887.99,Bank Transfer,Retail,Mindanao,0.0,28415.68
1021,2026-02-22,Eggs,Sinandomeng,36,660.02,Cash,Retail,Visayas,0.11,21147.04
1022,2026-01-02,Oil,Sinandomeng,17,523.35,Bank Transfer,Retail,Mindanao,0.13,7740.35
1023,2026-03-29,Rice,Vegetable Oil,35,1256.21,GCash,Wholesale,Visayas,0.03,42648.33
1024,2026-04-18,Rice,Organic Eggs,49,958.52,Bank Transfer,Wholesale,Mindanao,0.02,46028.13
1025,2026-01-30,Oil,Premium Rice,11,789.24,GCash,Wholesale,Visayas,0.01,8594.82
1026,2026-02-07,Oil,Well-Milled Rice,21,1400.08,Bank Transfer,Wholesale,Mindanao,0.12,25873.48
1027,2026-01-02,Oil,Well-Milled Rice,26,616.14,Cash,Retail,Visayas,0.05,15218.66
1028,2026-03-05,Oil,Dinorado,4,1455.92,Bank Transfer,Wholesale,Mindanao,0.06,5474.26
1029,2026-03-01,Rice,Dinorado,34,813.97,GCash,Wholesale,Visayas,0.08,25460.98
1030,2026-01-21,Rice,Well-Milled Rice,48,1388.4,GCash,Wholesale,Luzon,0.13,57979.58
1031,2026-02-02,Eggs,Premium Rice,18,1102.94,Bank Transfer,Retail,Mindanao,0.1,17867.63
1032,2026-03-17,Eggs,Well-Milled Rice,40,1326.71,GCash,Wholesale,Visayas,0.09,48292.24
1033,2026-02-27,Oil,Organic Eggs,35,1484.01,GCash,Wholesale,Mindanao,0.03,50382.14
1034,2026-01-22,Oil,Premium Rice,41,788.41,Cash,Retail,Mindanao,0.08,29738.83
1035,2026-04-18,Oil,Dinorado,29,1461.14,Bank Transfer,Wholesale,Visayas,0.11,37712.02
1036,2026-03-30,Eggs,Angelika,29,889.48,Bank Transfer,Wholesale,Mindanao,0.15,21925.68
1037,2026-02-18,Eggs,Vegetable Oil,38,885.51,Bank Transfer,Retail,Visayas,0.03,32639.9
1038,2026-04-01,Eggs,Organic Eggs,42,840.39,GCash,Wholesale,Luzon,0.0,35296.38
1039,2026-02-28,Eggs,Organic Eggs,21,1041.41,Bank Transfer,Wholesale,Mindanao,0.01,21650.91
1040,2026-02-11,Eggs,Dinorado,42,654.15,Bank Transfer,Wholesale,Luzon,0.06,25825.84
1041,2026-04-02,Eggs,Dinorado,13,1053.71,Cash,Retail,Mindanao,0.12,12054.44
1042,2026-03-01,Eggs,Sinandomeng,49,1041.7,Cash,Wholesale,Mindanao,0.0,51043.3
1043,2026-03-21,Oil,Organic Eggs,41,1261.9,Cash,Wholesale,Mindanao,0.07,48116.25
1044,2026-01-15,Oil,Sinandomeng,17,1333.65,GCash,Retail,Visayas,0.05,21538.45
1045,2026-03-03,Oil,Sinandomeng,9,940.44,Bank Transfer,Retail,Luzon,0.01,8379.32
1046,2026-03-03,Oil,Vegetable Oil,41,802.33,Cash,Wholesale,Mindanao,0.07,30592.84
1047,2026-02-16,Eggs,Sinandomeng,1,759.33,Cash,Wholesale,Visayas,0.04,728.96
1048,2026-03-03,Rice,Premium Rice,2,694.62,Cash,Wholesale,Mindanao,0.05,1319.78
1049,2026-02-20,Eggs,Well-Milled Rice,48,557.65,Bank Transfer,Wholesale,Visayas,0.11,23822.81
1050,2026-04-18,Rice,Angelika,29,842.45,Bank Transfer,Retail,Mindanao,0.08,22476.57
1051,2026-02-24,Oil,Dinorado,33,770.25,Bank Transfer,Wholesale,Luzon,0.02,24909.88
1052,2026-04-26,Eggs,Premium Rice,10,1466.42,GCash,Retail,Luzon,0.14,12611.21
1053,2026-03-05,Oil,Angelika,40,1057.71,GCash,Retail,Mindanao,0.1,38077.56
1054,2026-01-03,Eggs,Organic Eggs,21,847.28,Cash,Wholesale,Visayas,0.11,15835.66
1055,2026-04-11,Oil,Organic Eggs,28,1080.47,Bank Transfer,Wholesale,Mindanao,0.01,29950.63
1056,2026-02-20,Rice,Organic Eggs,11,639.2,Cash,Retail,Visayas,0.01,6960.89
1057,2026-01-07,Rice,Premium Rice,34,944.04,Bank Transfer,Retail,Mindanao,0.0,32097.36
1058,2026-01-21,Rice,Premium Rice,8,1126.23,Bank Transfer,Wholesale,Visayas,0.03,8739.54
1059,2026-03-14,Eggs,Dinorado,22,988.9,Bank Transfer,Retail,Luzon,0.06,20450.45
1060,2026-02-08,Rice,Well-Milled Rice,8,901.78,GCash,Wholesale,Mindanao,0.14,6204.25
1061,2026-01-18,Eggs,Sinandomeng,49,1493.85,GCash,Wholesale,Luzon,0.07,68074.74
1062,2026-01-04,Rice,Organic Eggs,15,1380.31,Bank Transfer,Retail,Luzon,0.04,19876.46
1063,2026-03-30,Rice,Vegetable Oil,17,1123.41,Cash,Retail,Mindanao,0.08,17570.13
1064,2026-03-01,Eggs,Well-Milled Rice,23,1069.38,Bank Transfer,Wholesale,Mindanao,0.02,24103.83
1065,2026-01-14,Eggs,Vegetable Oil,24,1120.66,Bank Transfer,Retail,Visayas,0.09,24475.21
1066,2026-04-24,Rice,Dinorado,45,701.31,Cash,Wholesale,Visayas,0.09,28718.64
1067,2026-01-09,Eggs,Dinorado,19,895.14,Bank Transfer,Wholesale,Luzon,0.12,14966.74
1068,2026-03-31,Rice,Dinorado,5,539.46,Cash,Wholesale,Visayas,0.15,2292.7
1069,2026-02-22,Eggs,Angelika,32,975.55,GCash,Retail,Visayas,0.04,29968.9
1070,2026-01-02,Oil,Vegetable Oil,44,1043.02,GCash,Wholesale,Mindanao,0.08,42221.45
1071,2026-03-25,Oil,Well-Milled Rice,1,727.75,Cash,Wholesale,Visayas,0.14,625.86
1072,2026-04-02,Oil,Well-Milled Rice,23,1464.03,GCash,Wholesale,Luzon,0.12,29631.97
1073,2026-04-21,Oil,Premium Rice,37,1409.45,GCash,Wholesale,Visayas,0.07,48499.17
1074,2026-03-01,Oil,Premium Rice,8,1222.14,Cash,Wholesale,Luzon,0.14,8408.32
1075,2026-03-12,Rice,Organic Eggs,13,1033.39,GCash,Wholesale,Mindanao,0.01,13299.73
1076,2026-02-13,Oil,Premium Rice,8,1369.97,Bank Transfer,Wholesale,Luzon,0.14,9425.39
1077,2026-01-08,Oil,Dinorado,23,630.65,Bank Transfer,Wholesale,Visayas,0.01,14359.9
1078,2026-02-16,Oil,Well-Milled Rice,43,1290.51,Cash,Wholesale,Mindanao,0.08,51052.58
1079,2026-02-04,Oil,Vegetable Oil,1,624.82,GCash,Wholesale,Visayas,0.13,543.59
1080,2026-03-19,Eggs,Dinorado,45,1294.21,Bank Transfer,Wholesale,Mindanao,0.04,55909.87
1081,2026-03-22,Rice,Angelika,24,775.77,Bank Transfer,Retail,Mindanao,0.07,17315.19
1082,2026-02-05,Oil,Premium Rice,35,1377.09,GCash,Wholesale,Visayas,0.05,45788.24
1083,2026-02-19,Oil,Dinorado,24,1444.04,GCash,Wholesale,Visayas,0.14,29804.99
1084,2026-04-14,Oil,Dinorado,17,648.8,Bank Transfer,Wholesale,Mindanao,0.12,9706.05
1085,2026-01-04,Rice,Angelika,5,962.68,Bank Transfer,Retail,Mindanao,0.11,4283.93
1086,2026-01-02,Eggs,Sinandomeng,20,1480.99,Cash,Wholesale,Visayas,0.09,26954.02
1087,2026-01-06,Rice,Well-Milled Rice,21,983.41,Cash,Retail,Luzon,0.12,18173.42
1088,2026-02-23,Eggs,Vegetable Oil,40,1363.55,Bank Transfer,Wholesale,Visayas,0.06,51269.48
1089,2026-04-16,Oil,Organic Eggs,31,1088.73,Cash,Wholesale,Mindanao,0.07,31388.09
1090,2026-01-04,Oil,Sinandomeng,46,875.33,Bank Transfer,Retail,Visayas,0.11,35836.01
1091,2026-02-23,Rice,Premium Rice,36,785.78,Bank Transfer,Wholesale,Luzon,0.05,26873.68
1092,2026-04-03,Rice,Dinorado,11,703.22,Cash,Retail,Visayas,0.01,7658.07
1093,2026-03-04,Eggs,Angelika,15,1261.8,Cash,Retail,Mindanao,0.01,18737.73
1094,2026-01-18,Eggs,Angelika,19,886.54,GCash,Wholesale,Visayas,0.02,16507.37
1095,2026-03-31,Rice,Well-Milled Rice,7,1011.28,GCash,Wholesale,Mindanao,0.13,6158.7
1096,2026-02-13,Eggs,Sinandomeng,28,992.33,GCash,Wholesale,Mindanao,0.07,25840.27
1097,2026-02-03,Rice,Organic Eggs,43,1077.28,Bank Transfer,Wholesale,Visayas,0.11,41227.51
1098,2026-03-15,Eggs,Well-Milled Rice,5,1365.58,Cash,Retail,Mindanao,0.06,6418.23
1099,2026-03-03,Rice,Dinorado,5,1480.74,Bank Transfer,Retail,Mindanao,0.04,7107.55
1100,2026-04-10,Rice,Well-Milled Rice,30,907.58,Cash,Wholesale,Luzon,0.05,25866.03
1101,2026-01-14,Rice,Vegetable Oil,32,1327.52,Bank Transfer,Retail,Luzon,0.12,37382.96
1102,2026-04-05,Eggs,Angelika,8,1264.53,GCash,Retail,Luzon,0.09,9205.78
1103,2026-02-17,Eggs,Angelika,10,1073.53,GCash,Wholesale,Luzon,0.14,9232.36
1104,2026-01-15,Eggs,Premium Rice,38,1456.05,GCash,Retail,Mindanao,0.1,49796.91
1105,2026-03-13,Rice,Premium Rice,47,700.47,Bank Transfer,Retail,Visayas,0.09,29959.1
1106,2026-03-19,Eggs,Organic Eggs,32,609.26,Cash,Wholesale,Mindanao,0.09,17741.65
1107,2026-03-28,Eggs,Dinorado,48,1353.96,Cash,Retail,Mindanao,0.14,55891.47
1108,2026-03-03,Rice,Vegetable Oil,28,939.15,GCash,Wholesale,Mindanao,0.12,23140.66
1109,2026-02-09,Oil,Sinandomeng,17,1346.97,GCash,Retail,Visayas,0.0,22898.49
1110,2026-03-26,Rice,Well-Milled Rice,31,1393.09,GCash,Wholesale,Luzon,0.08,39730.93
1111,2026-03-21,Eggs,Organic Eggs,8,562.46,GCash,Retail,Mindanao,0.1,4049.71
1112,2026-04-19,Rice,Dinorado,40,1383.46,Cash,Retail,Mindanao,0.11,49251.18
1113,2026-03-23,Oil,Premium Rice,25,948.32,Bank Transfer,Wholesale,Luzon,0.03,22996.76
1114,2026-04-21,Rice,Well-Milled Rice,9,1010.43,Bank Transfer,Wholesale,Mindanao,0.13,7911.67
1115,2026-02-22,Eggs,Premium Rice,2,1126.59,Bank Transfer,Wholesale,Visayas,0.14,1937.73
1116,2026-01-24,Oil,Well-Milled Rice,15,1426.38,Bank Transfer,Wholesale,Mindanao,0.04,20539.87
1117,2026-01-26,Eggs,Sinandomeng,3,519.12,GCash,Retail,Mindanao,0.13,1354.9
1118,2026-03-30,Oil,Dinorado,49,976.84,GCash,Retail,Luzon,0.01,47386.51
1119,2026-03-01,Oil,Well-Milled Rice,36,1187.72,GCash,Retail,Mindanao,0.01,42330.34
1120,2026-04-19,Rice,Vegetable Oil,4,1222.71,Bank Transfer,Wholesale,Mindanao,0.02,4793.02
1121,2026-02-10,Rice,Organic Eggs,14,1192.53,GCash,Retail,Visayas,0.01,16528.47
1122,2026-01-29,Eggs,Angelika,41,634.44,GCash,Retail,Luzon,0.13,22630.47
1123,2026-01-15,Rice,Vegetable Oil,41,799.4,Cash,Wholesale,Luzon,0.01,32447.65
1124,2026-02-14,Rice,Vegetable Oil,25,858.72,Cash,Wholesale,Visayas,0.04,20609.28
1125,2026-03-06,Oil,Organic Eggs,10,1304.44,GCash,Retail,Mindanao,0.02,12783.51
1126,2026-03-30,Rice,Angelika,21,778.76,Cash,Wholesale,Luzon,0.04,15699.8
1127,2026-03-12,Oil,Vegetable Oil,36,710.7,Cash,Retail,Luzon,0.01,25329.35
1128,2026-01-09,Oil,Well-Milled Rice,12,1457.45,GCash,Retail,Mindanao,0.1,15740.46
1129,2026-03-29,Oil,Well-Milled Rice,27,508.86,GCash,Wholesale,Mindanao,0.02,13464.44
1130,2026-01-01,Eggs,Well-Milled Rice,40,1497.82,GCash,Retail,Luzon,0.13,52124.14
1131,2026-04-18,Eggs,Angelika,2,1176.82,GCash,Wholesale,Mindanao,0.12,2071.2
1132,2026-01-08,Eggs,Vegetable Oil,13,1328.47,Bank Transfer,Wholesale,Luzon,0.0,17270.11
1133,2026-03-29,Oil,Angelika,32,794.62,Bank Transfer,Retail,Mindanao,0.13,22122.22
1134,2026-03-04,Eggs,Well-Milled Rice,31,514.32,GCash,Retail,Mindanao,0.0,15943.92
1135,2026-01-11,Eggs,Organic Eggs,16,1237.87,Cash,Retail,Visayas,0.04,19013.68
1136,2026-04-25,Rice,Vegetable Oil,32,1334.14,GCash,Wholesale,Mindanao,0.0,42692.48
1137,2026-03-22,Eggs,Vegetable Oil,32,1240.48,GCash,Retail,Visayas,0.05,37710.59
1138,2026-01-08,Eggs,Premium Rice,34,642.85,Cash,Wholesale,Mindanao,0.08,20108.35
1139,2026-02-04,Oil,Premium Rice,11,1253.43,Bank Transfer,Wholesale,Luzon,0.12,12133.2
1140,2026-02-04,Oil,Sinandomeng,10,1268.92,GCash,Retail,Luzon,0.05,12054.74
1141,2026-02-02,Oil,Dinorado,15,1158.54,GCash,Wholesale,Mindanao,0.11,15466.51
1142,2026-01-05,Oil,Premium Rice,17,1266.12,Bank Transfer,Retail,Mindanao,0.03,20878.32
1143,2026-04-16,Oil,Angelika,40,1345.92,Bank Transfer,Retail,Luzon,0.11,47914.75
1144,2026-04-13,Oil,Premium Rice,18,1113.6,Cash,Retail,Mindanao,0.04,19243.01
1145,2026-02-10,Eggs,Sinandomeng,9,588.6,Bank Transfer,Retail,Visayas,0.02,5191.45
1146,2026-01-28,Oil,Vegetable Oil,25,987.63,Bank Transfer,Retail,Visayas,0.03,23950.03
1147,2026-01-07,Oil,Sinandomeng,40,577.65,Bank Transfer,Retail,Visayas,0.03,22412.82
1148,2026-03-14,Rice,Vegetable Oil,14,907.54,Cash,Retail,Visayas,0.08,11689.12
1149,2026-03-13,Eggs,Organic Eggs,25,907.11,Bank Transfer,Wholesale,Visayas,0.13,19729.64
1150,2026-01-12,Eggs,Organic Eggs,22,566.01,Bank Transfer,Retail,Mindanao,0.01,12327.7
1151,2026-02-03,Eggs,Vegetable Oil,30,848.82,Cash,Wholesale,Mindanao,0.11,22663.49
1152,2026-02-02,Oil,Dinorado,20,611.0,Bank Transfer,Wholesale,Visayas,0.1,10998.0
1153,2026-02-17,Oil,Premium Rice,21,1308.24,Bank Transfer,Wholesale,Mindanao,0.13,23901.54
1154,2026-04-29,Oil,Angelika,44,1447.69,Cash,Retail,Mindanao,0.04,61150.43
1155,2026-01-23,Rice,Angelika,32,572.32,GCash,Wholesale,Visayas,0.07,17032.24
1156,2026-03-03,Oil,Well-Milled Rice,46,1455.12,Cash,Wholesale,Mindanao,0.14,57564.55
1157,2026-03-29,Rice,Vegetable Oil,49,1022.58,Bank Transfer,Retail,Mindanao,0.1,45095.78
1158,2026-02-06,Eggs,Angelika,21,799.57,Bank Transfer,Retail,Mindanao,0.06,15783.51
1159,2026-04-09,Oil,Dinorado,35,576.86,Bank Transfer,Wholesale,Visayas,0.02,19786.3
1160,2026-02-13,Rice,Vegetable Oil,32,1000.62,Cash,Retail,Mindanao,0.04,30739.05
1161,2026-04-14,Rice,Dinorado,30,1294.52,Bank Transfer,Retail,Luzon,0.09,35340.4
1162,2026-03-27,Oil,Angelika,39,1207.09,Bank Transfer,Retail,Luzon,0.11,41898.09
1163,2026-04-01,Eggs,Angelika,49,550.23,Cash,Retail,Visayas,0.02,26422.04
1164,2026-02-04,Eggs,Well-Milled Rice,12,572.9,GCash,Wholesale,Luzon,0.09,6256.07
1165,2026-03-06,Eggs,Angelika,41,902.87,GCash,Retail,Visayas,0.08,34056.26
1166,2026-04-09,Rice,Vegetable Oil,47,795.29,Bank Transfer,Retail,Luzon,0.08,34388.34
1167,2026-04-11,Rice,Organic Eggs,18,732.38,Cash,Retail,Luzon,0.1,11864.56
1168,2026-02-16,Rice,Vegetable Oil,21,781.0,Bank Transfer,Wholesale,Luzon,0.13,14268.87
1169,2026-03-19,Rice,Vegetable Oil,13,1303.48,Cash,Wholesale,Visayas,0.05,16097.98
1170,2026-01-03,Eggs,Well-Milled Rice,21,1429.23,Cash,Retail,Visayas,0.13,26112.03
1171,2026-01-01,Oil,Well-Milled Rice,8,905.1,GCash,Retail,Mindanao,0.02,7095.98
1172,2026-01-05,Rice,Angelika,46,1406.11,GCash,Wholesale,Visayas,0.03,62740.63
1173,2026-03-31,Rice,Sinandomeng,40,821.5,Cash,Retail,Luzon,0.04,31545.6
1174,2026-04-29,Eggs,Sinandomeng,46,976.44,Bank Transfer,Retail,Luzon,0.02,44017.92
1175,2026-01-14,Oil,Well-Milled Rice,7,726.03,GCash,Wholesale,Visayas,0.03,4929.74
1176,2026-04-13,Oil,Angelika,23,1140.48,Bank Transfer,Retail,Visayas,0.02,25706.42
1177,2026-01-27,Eggs,Sinandomeng,44,1478.98,GCash,Retail,Visayas,0.12,57266.11
1178,2026-01-09,Eggs,Angelika,32,1103.49,GCash,Wholesale,Mindanao,0.02,34605.45
1179,2026-03-20,Oil,Angelika,11,857.81,Bank Transfer,Wholesale,Luzon,0.11,8397.96
1180,2026-01-15,Rice,Angelika,22,1147.82,GCash,Retail,Mindanao,0.01,24999.52
1181,2026-03-31,Oil,Premium Rice,22,622.92,GCash,Wholesale,Mindanao,0.14,11785.65
1182,2026-02-11,Eggs,Vegetable Oil,43,1388.66,Bank Transfer,Retail,Luzon,0.11,53144.02
1183,2026-03-18,Rice,Angelika,25,1003.08,GCash,Retail,Luzon,0.0,25077.0
1184,2026-02-20,Rice,Premium Rice,22,949.35,GCash,Retail,Visayas,0.11,18588.27
1185,2026-03-04,Eggs,Well-Milled Rice,28,1085.86,GCash,Wholesale,Visayas,0.08,27971.75
1186,2026-04-06,Eggs,Sinandomeng,29,1124.78,Bank Transfer,Wholesale,Mindanao,0.12,28704.39
1187,2026-04-13,Eggs,Vegetable Oil,13,571.78,Cash,Retail,Visayas,0.08,6838.49
1188,2026-04-23,Oil,Organic Eggs,18,1182.62,Bank Transfer,Retail,Visayas,0.1,19158.44
1189,2026-02-21,Oil,Sinandomeng,2,741.93,Cash,Wholesale,Luzon,0.12,1305.8
1190,2026-04-06,Rice,Vegetable Oil,29,1213.95,GCash,Wholesale,Luzon,0.06,33092.28
1191,2026-01-04,Eggs,Organic Eggs,21,1322.53,Cash,Wholesale,Visayas,0.0,27773.13
1192,2026-04-04,Rice,Sinandomeng,15,1303.96,Bank Transfer,Retail,Luzon,0.13,17016.68
1193,2026-04-11,Rice,Vegetable Oil,27,1052.5,Bank Transfer,Wholesale,Visayas,0.06,26712.45
1194,2026-01-23,Rice,Sinandomeng,31,1020.17,GCash,Wholesale,Luzon,0.07,29411.5
1195,2026-04-13,Rice,Sinandomeng,15,642.88,Cash,Retail,Luzon,0.0,9643.2
1196,2026-04-19,Eggs,Organic Eggs,23,1275.35,GCash,Retail,Luzon,0.07,27279.74
1197,2026-01-15,Rice,Sinandomeng,24,771.41,GCash,Retail,Luzon,0.15,15736.76
1198,2026-02-12,Eggs,Sinandomeng,44,996.7,Bank Transfer,Wholesale,Visayas,0.04,42100.61
1199,2026-01-29,Eggs,Organic Eggs,13,784.27,Cash,Retail,Mindanao,0.06,9583.78
1200,2026-02-05,Oil,Well-Milled Rice,22,633.83,Cash,Retail,Luzon,0.1,12549.83
1201,2026-01-13,Eggs,Angelika,43,1129.56,Cash,Retail,Visayas,0.12,42742.55
1202,2026-02-01,Oil,Dinorado,37,554.33,Cash,Retail,Visayas,0.06,19279.6
1203,2026-03-12,Eggs,Premium Rice,33,1248.65,GCash,Wholesale,Luzon,0.05,39145.18
1204,2026-02-28,Eggs,Dinorado,3,817.59,GCash,Retail,Mindanao,0.14,2109.38
1205,2026-04-25,Eggs,Dinorado,19,500.13,Bank Transfer,Wholesale,Luzon,0.1,8552.22
1206,2026-03-27,Oil,Vegetable Oil,23,1011.13,GCash,Wholesale,Visayas,0.02,22790.87
1207,2026-01-28,Oil,Angelika,29,546.85,GCash,Wholesale,Mindanao,0.01,15700.06
1208,2026-03-07,Rice,Vegetable Oil,30,776.17,Bank Transfer,Retail,Visayas,0.07,21655.14
1209,2026-02-11,Oil,Angelika,39,1206.98,Bank Transfer,Wholesale,Luzon,0.03,45660.05
1210,2026-02-14,Oil,Organic Eggs,44,562.69,Bank Transfer,Retail,Mindanao,0.04,23768.03
1211,2026-03-03,Oil,Organic Eggs,47,1339.34,GCash,Retail,Visayas,0.13,54765.61
1212,2026-02-26,Oil,Angelika,25,503.82,GCash,Retail,Visayas,0.01,12469.54
1213,2026-04-27,Rice,Sinandomeng,37,746.82,Bank Transfer,Wholesale,Visayas,0.11,24592.78
1214,2026-01-06,Oil,Well-Milled Rice,47,1240.9,Bank Transfer,Retail,Luzon,0.04,55989.41
1215,2026-01-28,Eggs,Sinandomeng,8,816.27,Bank Transfer,Retail,Mindanao,0.11,5811.84
1216,2026-01-28,Eggs,Well-Milled Rice,42,601.89,GCash,Retail,Luzon,0.11,22498.65
1217,2026-04-18,Oil,Vegetable Oil,16,860.23,GCash,Wholesale,Luzon,0.0,13763.68
1218,2026-02-13,Oil,Well-Milled Rice,8,770.39,Cash,Wholesale,Luzon,0.08,5670.07
1219,2026-03-25,Eggs,Vegetable Oil,1,1342.71,GCash,Wholesale,Mindanao,0.02,1315.86
1220,2026-01-30,Eggs,Organic Eggs,44,813.35,GCash,Retail,Luzon,0.13,31135.04
1221,2026-03-03,Rice,Dinorado,5,1288.93,GCash,Wholesale,Luzon,0.13,5606.85
1222,2026-03-16,Eggs,Organic Eggs,3,1391.87,Bank Transfer,Retail,Luzon,0.06,3925.07
1223,2026-04-29,Eggs,Organic Eggs,1,933.82,GCash,Retail,Luzon,0.07,868.45
1224,2026-04-02,Oil,Dinorado,4,1409.94,Bank Transfer,Wholesale,Visayas,0.05,5357.77
1225,2026-03-30,Eggs,Well-Milled Rice,40,877.32,Cash,Retail,Luzon,0.11,31232.59
1226,2026-04-13,Rice,Well-Milled Rice,35,1464.08,Cash,Wholesale,Visayas,0.05,48680.66
1227,2026-03-03,Eggs,Vegetable Oil,32,589.29,Bank Transfer,Retail,Luzon,0.04,18102.99
1228,2026-04-07,Oil,Sinandomeng,42,1187.02,Bank Transfer,Wholesale,Mindanao,0.06,46863.55
1229,2026-01-01,Oil,Vegetable Oil,34,993.81,Bank Transfer,Retail,Visayas,0.01,33451.64
1230,2026-01-27,Eggs,Sinandomeng,43,887.65,GCash,Retail,Visayas,0.11,33970.37
1231,2026-03-03,Oil,Organic Eggs,25,1132.71,Cash,Retail,Visayas,0.0,28317.75
1232,2026-04-26,Rice,Dinorado,10,1203.86,Bank Transfer,Retail,Visayas,0.1,10834.74
1233,2026-03-18,Rice,Organic Eggs,21,504.36,GCash,Retail,Mindanao,0.03,10273.81
1234,2026-04-15,Eggs,Angelika,46,666.95,Cash,Wholesale,Luzon,0.03,29759.31
1235,2026-01-03,Eggs,Well-Milled Rice,39,1213.05,GCash,Retail,Visayas,0.1,42578.06
1236,2026-04-13,Eggs,Sinandomeng,27,1166.39,Cash,Wholesale,Mindanao,0.15,26768.65
1237,2026-03-11,Oil,Vegetable Oil,27,1466.05,GCash,Wholesale,Visayas,0.12,34833.35
1238,2026-03-13,Rice,Dinorado,2,1261.04,Cash,Wholesale,Luzon,0.03,2446.42
1239,2026-01-27,Rice,Sinandomeng,41,1450.77,Cash,Retail,Visayas,0.03,57697.12
1240,2026-01-09,Oil,Vegetable Oil,48,1202.54,GCash,Retail,Mindanao,0.13,50218.07
1241,2026-03-03,Rice,Well-Milled Rice,13,798.05,Bank Transfer,Retail,Luzon,0.07,9648.42
1242,2026-02-06,Eggs,Organic Eggs,9,605.36,Cash,Wholesale,Mindanao,0.02,5339.28
1243,2026-04-07,Eggs,Well-Milled Rice,36,1281.82,Bank Transfer,Retail,Luzon,0.13,40146.6
1244,2026-02-20,Eggs,Premium Rice,22,1144.15,GCash,Retail,Luzon,0.12,22150.74
1245,2026-04-16,Rice,Angelika,42,548.19,Bank Transfer,Wholesale,Luzon,0.15,19570.38
1246,2026-02-13,Eggs,Premium Rice,26,860.05,Bank Transfer,Wholesale,Visayas,0.14,19230.72
1247,2026-01-24,Oil,Dinorado,12,1456.8,Bank Transfer,Wholesale,Mindanao,0.13,15208.99
1248,2026-03-20,Oil,Sinandomeng,17,1000.4,Bank Transfer,Wholesale,Mindanao,0.01,16836.73
1249,2026-02-28,Rice,Dinorado,14,932.73,Bank Transfer,Wholesale,Mindanao,0.02,12797.06
1250,2026-04-28,Oil,Organic Eggs,14,957.7,Cash,Wholesale,Luzon,0.09,12201.1
1251,2026-02-01,Oil,Vegetable Oil,34,708.88,Cash,Retail,Visayas,0.08,22173.77
1252,2026-04-06,Rice,Well-Milled Rice,20,868.71,Cash,Wholesale,Luzon,0.07,16158.01
1253,2026-03-29,Eggs,Premium Rice,11,869.81,GCash,Retail,Mindanao,0.06,8993.84
1254,2026-04-15,Eggs,Premium Rice,16,552.36,Bank Transfer,Retail,Visayas,0.06,8307.49
1255,2026-02-21,Eggs,Organic Eggs,31,1267.57,Cash,Retail,Visayas,0.09,35758.15
1256,2026-04-23,Rice,Premium Rice,6,916.5,GCash,Wholesale,Visayas,0.0,5499.0
1257,2026-03-03,Oil,Organic Eggs,19,1322.18,Cash,Retail,Mindanao,0.04,24116.56
1258,2026-04-23,Eggs,Dinorado,37,1350.35,Cash,Wholesale,Visayas,0.08,45965.91
1259,2026-02-27,Eggs,Well-Milled Rice,4,711.99,Bank Transfer,Wholesale,Visayas,0.11,2534.68
1260,2026-02-21,Rice,Sinandomeng,47,1157.35,GCash,Retail,Luzon,0.03,52763.59
1261,2026-01-12,Eggs,Vegetable Oil,4,972.28,Bank Transfer,Wholesale,Luzon,0.08,3577.99
1262,2026-02-08,Rice,Sinandomeng,20,1380.16,Bank Transfer,Retail,Visayas,0.11,24566.85
1263,2026-01-02,Oil,Dinorado,10,715.74,Cash,Retail,Visayas,0.07,6656.38
1264,2026-01-03,Rice,Vegetable Oil,24,1177.81,Bank Transfer,Wholesale,Luzon,0.0,28267.44
1265,2026-04-23,Rice,Premium Rice,35,1107.75,GCash,Retail,Luzon,0.07,36057.26
1266,2026-04-11,Rice,Angelika,26,795.3,Bank Transfer,Retail,Luzon,0.04,19850.69
1267,2026-04-23,Rice,Dinorado,37,636.6,Bank Transfer,Retail,Mindanao,0.14,20256.61
1268,2026-02-25,Oil,Dinorado,38,1151.64,Bank Transfer,Wholesale,Mindanao,0.02,42887.07
1269,2026-03-22,Oil,Well-Milled Rice,21,1238.6,Cash,Retail,Luzon,0.1,23409.54
1270,2026-02-28,Eggs,Sinandomeng,40,815.63,GCash,Wholesale,Visayas,0.01,32298.95
1271,2026-04-23,Oil,Dinorado,39,1144.83,Cash,Wholesale,Luzon,0.07,41522.98
1272,2026-01-02,Oil,Dinorado,21,895.13,Cash,Retail,Mindanao,0.08,17293.91
1273,2026-01-02,Eggs,Premium Rice,10,1213.21,Cash,Retail,Visayas,0.04,11646.82
1274,2026-04-02,Oil,Premium Rice,38,699.22,Cash,Wholesale,Mindanao,0.07,24710.43
1275,2026-02-23,Rice,Vegetable Oil,46,1390.22,Cash,Wholesale,Visayas,0.02,62671.12
1276,2026-03-28,Rice,Organic Eggs,4,787.41,GCash,Retail,Mindanao,0.05,2992.16
1277,2026-04-11,Eggs,Organic Eggs,45,867.79,Bank Transfer,Retail,Visayas,0.09,35536.0
1278,2026-04-06,Eggs,Angelika,20,558.09,Cash,Wholesale,Visayas,0.05,10603.71
1279,2026-04-07,Eggs,Organic Eggs,17,611.51,Cash,Wholesale,Visayas,0.13,9044.23
1280,2026-01-01,Rice,Well-Milled Rice,7,1015.86,GCash,Wholesale,Visayas,0.09,6471.03
1281,2026-01-19,Oil,Angelika,4,767.59,GCash,Wholesale,Mindanao,0.07,2855.43
1282,2026-01-02,Rice,Vegetable Oil,29,1335.48,Bank Transfer,Wholesale,Mindanao,0.01,38341.63
1283,2026-02-22,Eggs,Premium Rice,14,514.69,GCash,Retail,Visayas,0.07,6701.26
1284,2026-02-13,Oil,Organic Eggs,3,879.09,Bank Transfer,Wholesale,Visayas,0.11,2347.17
1285,2026-03-31,Oil,Sinandomeng,24,837.35,Cash,Wholesale,Mindanao,0.04,19292.54
1286,2026-02-01,Rice,Premium Rice,37,519.33,Cash,Retail,Visayas,0.12,16909.38
1287,2026-03-11,Eggs,Well-Milled Rice,16,624.37,Bank Transfer,Retail,Visayas,0.04,9590.32
1288,2026-02-01,Rice,Premium Rice,4,913.64,GCash,Wholesale,Visayas,0.12,3216.01
1289,2026-04-29,Oil,Well-Milled Rice,24,992.86,Bank Transfer,Wholesale,Luzon,0.01,23590.35
1290,2026-03-09,Rice,Well-Milled Rice,34,904.29,GCash,Retail,Visayas,0.13,26748.9
1291,2026-02-24,Rice,Well-Milled Rice,30,1030.94,Cash,Wholesale,Luzon,0.07,28763.23
1292,2026-03-16,Eggs,Vegetable Oil,18,1095.13,GCash,Wholesale,Visayas,0.04,18923.85
1293,2026-02-25,Eggs,Well-Milled Rice,19,509.92,Bank Transfer,Retail,Mindanao,0.04,9300.94
1294,2026-01-17,Oil,Well-Milled Rice,31,964.1,Bank Transfer,Wholesale,Luzon,0.06,28093.87
1295,2026-02-07,Rice,Sinandomeng,19,1463.5,Cash,Retail,Luzon,0.15,23635.52
1296,2026-01-24,Rice,Angelika,49,1019.03,GCash,Retail,Visayas,0.03,48434.5
1297,2026-03-10,Rice,Dinorado,46,1177.54,GCash,Retail,Visayas,0.02,53083.5
1298,2026-04-26,Oil,Angelika,19,811.86,GCash,Retail,Luzon,0.09,14037.06
1299,2026-04-08,Oil,Well-Milled Rice,22,1273.99,Cash,Wholesale,Mindanao,0.07,26065.84
1300,2026-03-11,Eggs,Sinandomeng,24,1272.92,GCash,Retail,Mindanao,0.08,28106.07
1301,2026-03-27,Eggs,Premium Rice,45,1021.3,Bank Transfer,Wholesale,Visayas,0.1,41362.65
1302,2026-01-11,Eggs,Sinandomeng,12,1476.01,GCash,Wholesale,Mindanao,0.04,17003.64
1303,2026-04-22,Rice,Well-Milled Rice,30,625.55,Cash,Wholesale,Mindanao,0.14,16139.19
1304,2026-01-16,Rice,Sinandomeng,38,516.95,GCash,Wholesale,Visayas,0.07,18269.01
1305,2026-04-07,Eggs,Organic Eggs,31,1270.16,GCash,Wholesale,Mindanao,0.02,38587.46
1306,2026-03-14,Rice,Sinandomeng,36,1307.16,Bank Transfer,Retail,Visayas,0.11,41881.41
1307,2026-02-28,Eggs,Well-Milled Rice,19,620.21,GCash,Retail,Luzon,0.1,10605.59
1308,2026-03-11,Oil,Vegetable Oil,48,765.58,Bank Transfer,Retail,Visayas,0.05,34910.45
1309,2026-03-21,Eggs,Organic Eggs,45,517.55,Bank Transfer,Retail,Luzon,0.09,21193.67
1310,2026-04-03,Oil,Sinandomeng,36,793.31,Cash,Wholesale,Luzon,0.03,27702.39
1311,2026-01-03,Rice,Dinorado,30,1273.14,Bank Transfer,Retail,Mindanao,0.07,35520.61
1312,2026-01-20,Eggs,Dinorado,49,1017.96,Bank Transfer,Wholesale,Mindanao,0.13,43395.63
1313,2026-02-28,Rice,Sinandomeng,33,848.1,Cash,Wholesale,Mindanao,0.02,27427.55
1314,2026-02-05,Oil,Vegetable Oil,18,871.74,Bank Transfer,Retail,Visayas,0.06,14749.84
1315,2026-01-19,Oil,Premium Rice,49,501.35,Cash,Retail,Mindanao,0.12,21618.21
1316,2026-03-31,Oil,Well-Milled Rice,28,799.8,GCash,Retail,Luzon,0.15,19035.24
1317,2026-03-08,Rice,Dinorado,47,1146.46,Cash,Retail,Mindanao,0.07,50111.77
1318,2026-01-19,Rice,Premium Rice,11,1474.19,Bank Transfer,Wholesale,Mindanao,0.08,14918.8
1319,2026-01-20,Rice,Sinandomeng,45,1347.06,Cash,Wholesale,Visayas,0.09,55162.11
1320,2026-04-06,Rice,Premium Rice,33,523.59,Bank Transfer,Retail,Visayas,0.14,14859.48
1321,2026-03-12,Oil,Organic Eggs,17,1398.56,GCash,Wholesale,Luzon,0.13,20684.7
1322,2026-02-21,Oil,Angelika,6,1283.2,Cash,Wholesale,Visayas,0.03,7468.22
1323,2026-04-15,Eggs,Dinorado,4,1280.38,GCash,Wholesale,Mindanao,0.07,4763.01
1324,2026-02-02,Eggs,Sinandomeng,20,958.0,Bank Transfer,Retail,Visayas,0.07,17818.8
1325,2026-02-09,Rice,Well-Milled Rice,48,898.01,Bank Transfer,Wholesale,Luzon,0.12,37931.94
1326,2026-02-08,Oil,Vegetable Oil,47,802.92,GCash,Retail,Mindanao,0.09,34340.89
1327,2026-03-23,Oil,Organic Eggs,27,565.69,Cash,Retail,Luzon,0.1,13746.27
1328,2026-04-14,Oil,Sinandomeng,15,728.24,Cash,Wholesale,Visayas,0.15,9285.06
1329,2026-01-01,Eggs,Well-Milled Rice,6,746.6,Bank Transfer,Wholesale,Visayas,0.01,4434.8
1330,2026-01-11,Eggs,Vegetable Oil,47,984.08,GCash,Retail,Luzon,0.03,44864.21
1331,2026-04-02,Oil,Vegetable Oil,14,1247.44,GCash,Wholesale,Mindanao,0.06,16416.31
1332,2026-02-26,Oil,Sinandomeng,11,973.81,Cash,Wholesale,Visayas,0.05,10176.31
1333,2026-03-30,Oil,Organic Eggs,39,557.84,Cash,Retail,Visayas,0.0,21755.76
1334,2026-02-19,Eggs,Premium Rice,9,1457.79,Cash,Retail,Mindanao,0.01,12988.91
1335,2026-01-23,Oil,Premium Rice,26,1442.72,GCash,Retail,Visayas,0.1,33759.65
1336,2026-01-31,Oil,Vegetable Oil,16,1285.19,Cash,Retail,Luzon,0.13,17889.84
1337,2026-04-04,Rice,Premium Rice,5,1491.33,Cash,Wholesale,Visayas,0.08,6860.12
1338,2026-02-11,Rice,Angelika,10,1044.48,Bank Transfer,Wholesale,Visayas,0.08,9609.22
1339,2026-04-09,Eggs,Vegetable Oil,3,1462.77,Cash,Retail,Mindanao,0.04,4212.78
1340,2026-01-07,Oil,Vegetable Oil,13,575.61,Cash,Retail,Luzon,0.12,6584.98
1341,2026-01-16,Oil,Well-Milled Rice,43,865.68,GCash,Retail,Mindanao,0.11,33129.57
1342,2026-03-31,Rice,Premium Rice,49,725.38,GCash,Wholesale,Visayas,0.09,32344.69
1343,2026-04-22,Eggs,Organic Eggs,30,695.83,Bank Transfer,Retail,Visayas,0.03,20248.65
1344,2026-04-26,Rice,Vegetable Oil,45,640.8,Cash,Wholesale,Mindanao,0.01,28547.64
1345,2026-03-01,Rice,Organic Eggs,6,1122.41,Bank Transfer,Retail,Mindanao,0.01,6667.12
1346,2026-04-23,Rice,Angelika,17,1281.32,GCash,Retail,Mindanao,0.09,19822.02
1347,2026-01-02,Rice,Well-Milled Rice,45,1078.3,Bank Transfer,Retail,Luzon,0.12,42700.68
1348,2026-01-01,Oil,Sinandomeng,19,646.96,GCash,Wholesale,Visayas,0.13,10694.25
1349,2026-02-17,Oil,Organic Eggs,42,1311.12,Bank Transfer,Wholesale,Mindanao,0.07,51212.35
1350,2026-01-12,Rice,Vegetable Oil,35,1135.95,Bank Transfer,Wholesale,Visayas,0.12,34987.26
1351,2026-03-10,Eggs,Angelika,46,888.17,Cash,Retail,Luzon,0.14,35136.01
1352,2026-02-06,Eggs,Dinorado,26,1174.13,Bank Transfer,Wholesale,Luzon,0.04,29306.28
1353,2026-02-01,Eggs,Angelika,5,759.9,Cash,Wholesale,Luzon,0.06,3571.53
1354,2026-04-29,Eggs,Angelika,29,845.19,Cash,Retail,Luzon,0.14,21079.04
1355,2026-01-09,Rice,Well-Milled Rice,37,1417.49,Cash,Retail,Visayas,0.05,49824.77
1356,2026-04-15,Oil,Sinandomeng,20,790.5,Cash,Wholesale,Luzon,0.14,13596.6
1357,2026-04-09,Eggs,Dinorado,49,969.99,Bank Transfer,Wholesale,Luzon,0.15,40400.08
1358,2026-01-19,Rice,Premium Rice,21,1390.14,GCash,Wholesale,Mindanao,0.1,26273.65
1359,2026-02-17,Eggs,Premium Rice,10,1207.72,GCash,Wholesale,Luzon,0.12,10627.94
1360,2026-03-21,Eggs,Organic Eggs,5,562.2,GCash,Retail,Mindanao,0.11,2501.79
1361,2026-01-03,Rice,Angelika,36,647.3,Bank Transfer,Retail,Luzon,0.1,20972.52
1362,2026-01-20,Oil,Well-Milled Rice,6,507.84,Cash,Retail,Luzon,0.05,2894.69
1363,2026-01-24,Oil,Well-Milled Rice,26,1130.92,GCash,Wholesale,Mindanao,0.01,29109.88
1364,2026-02-23,Rice,Premium Rice,4,947.67,Bank Transfer,Wholesale,Luzon,0.05,3601.15
1365,2026-04-30,Oil,Organic Eggs,39,634.27,Cash,Retail,Visayas,0.1,22262.88
1366,2026-02-02,Rice,Organic Eggs,39,1457.93,GCash,Retail,Visayas,0.02,55722.08
1367,2026-01-24,Rice,Organic Eggs,35,1029.66,Cash,Wholesale,Luzon,0.0,36038.1
1368,2026-04-26,Rice,Dinorado,1,741.89,GCash,Wholesale,Visayas,0.02,727.05
1369,2026-03-16,Oil,Sinandomeng,24,1000.6,GCash,Retail,Mindanao,0.11,21372.82
1370,2026-04-23,Rice,Dinorado,36,1179.62,GCash,Retail,Luzon,0.15,36096.37
1371,2026-03-13,Eggs,Vegetable Oil,6,576.24,Cash,Retail,Luzon,0.15,2938.82
1372,2026-02-05,Oil,Vegetable Oil,41,774.7,Bank Transfer,Wholesale,Mindanao,0.07,29539.31
1373,2026-02-07,Oil,Sinandomeng,46,1306.97,Cash,Wholesale,Mindanao,0.13,52304.94
1374,2026-04-14,Oil,Premium Rice,44,959.66,GCash,Wholesale,Mindanao,0.11,37580.29
1375,2026-03-25,Oil,Sinandomeng,31,1046.58,Cash,Wholesale,Luzon,0.08,29848.46
1376,2026-04-09,Eggs,Well-Milled Rice,20,932.82,Bank Transfer,Wholesale,Mindanao,0.09,16977.32
1377,2026-04-22,Oil,Vegetable Oil,24,543.9,Cash,Wholesale,Mindanao,0.02,12792.53
1378,2026-03-30,Oil,Angelika,25,665.75,Bank Transfer,Retail,Visayas,0.14,14313.62
1379,2026-04-09,Rice,Angelika,36,945.54,Bank Transfer,Retail,Visayas,0.05,32337.47
1380,2026-01-25,Oil,Premium Rice,21,709.19,Cash,Wholesale,Luzon,0.07,13850.48
1381,2026-04-03,Eggs,Well-Milled Rice,30,549.98,GCash,Retail,Visayas,0.1,14849.46
1382,2026-01-18,Eggs,Dinorado,24,1343.65,Bank Transfer,Wholesale,Visayas,0.05,30635.22
1383,2026-04-20,Eggs,Well-Milled Rice,44,1481.19,Cash,Retail,Mindanao,0.04,62565.47
1384,2026-03-23,Eggs,Angelika,42,1293.14,Bank Transfer,Wholesale,Mindanao,0.09,49423.81
1385,2026-03-07,Oil,Angelika,30,1353.78,GCash,Retail,Visayas,0.0,40613.4
1386,2026-02-23,Oil,Vegetable Oil,22,741.98,Cash,Retail,Visayas,0.11,14527.97
1387,2026-02-04,Eggs,Well-Milled Rice,28,1460.63,Cash,Wholesale,Visayas,0.08,37625.83
1388,2026-03-21,Eggs,Well-Milled Rice,7,696.93,Cash,Wholesale,Luzon,0.09,4439.44
1389,2026-03-02,Oil,Angelika,35,1451.43,GCash,Retail,Luzon,0.09,46228.05
1390,2026-02-10,Eggs,Dinorado,28,1494.82,Bank Transfer,Retail,Luzon,0.08,38506.56
1391,2026-04-10,Rice,Premium Rice,14,1211.72,Cash,Wholesale,Visayas,0.09,15437.31
1392,2026-02-02,Eggs,Organic Eggs,10,1481.14,Bank Transfer,Retail,Visayas,0.1,13330.26
1393,2026-03-09,Eggs,Premium Rice,16,1069.54,Bank Transfer,Wholesale,Luzon,0.11,15230.25
1394,2026-02-02,Rice,Well-Milled Rice,16,759.54,GCash,Wholesale,Luzon,0.11,10815.85
1395,2026-01-14,Rice,Premium Rice,31,937.0,Cash,Retail,Visayas,0.13,25270.89
1396,2026-01-21,Oil,Angelika,42,1093.56,Bank Transfer,Wholesale,Mindanao,0.03,44551.63
1397,2026-02-17,Oil,Angelika,25,573.08,Cash,Retail,Luzon,0.06,13467.38
1398,2026-01-20,Rice,Well-Milled Rice,13,1122.34,Cash,Retail,Visayas,0.14,12547.76
1399,2026-04-30,Rice,Well-Milled Rice,6,1481.18,GCash,Wholesale,Visayas,0.06,8353.86
1400,2026-01-08,Oil,Organic Eggs,44,690.11,Cash,Retail,Mindanao,0.02,29757.54
1401,2026-01-07,Eggs,Organic Eggs,9,1292.6,Cash,Wholesale,Visayas,0.08,10702.73
1402,2026-03-08,Rice,Vegetable Oil,45,1407.9,Bank Transfer,Wholesale,Visayas,0.02,62088.39
1403,2026-01-17,Oil,Well-Milled Rice,36,1443.7,GCash,Wholesale,Luzon,0.03,50414.0
1404,2026-02-02,Eggs,Dinorado,43,1460.14,Cash,Retail,Luzon,0.15,53368.12
1405,2026-02-17,Rice,Premium Rice,20,1021.46,Bank Transfer,Wholesale,Mindanao,0.08,18794.86
1406,2026-03-17,Eggs,Well-Milled Rice,18,1477.31,GCash,Retail,Mindanao,0.04,25527.92
1407,2026-02-28,Oil,Sinandomeng,43,1257.31,GCash,Wholesale,Visayas,0.15,45954.68
1408,2026-04-25,Rice,Vegetable Oil,21,661.67,Bank Transfer,Wholesale,Luzon,0.14,11949.76
1409,2026-03-27,Eggs,Sinandomeng,4,976.9,Bank Transfer,Wholesale,Mindanao,0.07,3634.07
1410,2026-04-29,Rice,Angelika,33,1218.33,Bank Transfer,Retail,Mindanao,0.04,38596.69
1411,2026-01-22,Eggs,Organic Eggs,27,747.34,Bank Transfer,Retail,Mindanao,0.13,17555.02
1412,2026-04-20,Oil,Premium Rice,7,1140.62,Bank Transfer,Wholesale,Visayas,0.11,7106.06
1413,2026-01-30,Oil,Well-Milled Rice,6,1166.6,Cash,Wholesale,Luzon,0.1,6299.64
1414,2026-02-07,Rice,Sinandomeng,15,662.7,Cash,Retail,Mindanao,0.13,8648.24
1415,2026-04-12,Eggs,Premium Rice,18,1065.09,GCash,Retail,Luzon,0.1,17254.46
1416,2026-04-19,Rice,Angelika,32,1271.63,Cash,Retail,Mindanao,0.04,39064.47
1417,2026-02-20,Rice,Organic Eggs,11,998.9,Cash,Wholesale,Mindanao,0.1,9889.11
1418,2026-02-23,Eggs,Dinorado,20,512.1,Cash,Retail,Luzon,0.05,9729.9
1419,2026-01-08,Eggs,Vegetable Oil,24,509.04,Bank Transfer,Wholesale,Luzon,0.11,10873.09
1420,2026-01-27,Eggs,Premium Rice,15,857.03,GCash,Retail,Luzon,0.09,11698.46
1421,2026-01-27,Oil,Premium Rice,48,1426.19,GCash,Wholesale,Visayas,0.01,67772.55
1422,2026-04-08,Rice,Dinorado,7,728.68,GCash,Wholesale,Mindanao,0.08,4692.7
1423,2026-01-21,Rice,Premium Rice,21,1134.36,GCash,Wholesale,Visayas,0.05,22630.48
1424,2026-01-30,Oil,Angelika,42,722.08,Cash,Retail,Luzon,0.05,28810.99
1425,2026-04-07,Eggs,Angelika,26,821.67,Cash,Retail,Mindanao,0.09,19440.71
1426,2026-01-28,Oil,Dinorado,44,1348.04,Bank Transfer,Retail,Visayas,0.05,56348.07
1427,2026-04-21,Oil,Vegetable Oil,14,1228.86,GCash,Wholesale,Mindanao,0.12,15139.56
1428,2026-03-05,Oil,Well-Milled Rice,37,595.4,Cash,Wholesale,Visayas,0.01,21809.5
1429,2026-04-07,Rice,Sinandomeng,21,928.7,Cash,Retail,Luzon,0.1,17552.43
1430,2026-03-10,Oil,Well-Milled Rice,18,529.17,Bank Transfer,Wholesale,Visayas,0.12,8382.05
1431,2026-03-02,Rice,Premium Rice,5,980.89,Bank Transfer,Wholesale,Mindanao,0.1,4414.0
1432,2026-02-17,Rice,Sinandomeng,3,1162.43,Bank Transfer,Wholesale,Mindanao,0.07,3243.18
1433,2026-01-19,Rice,Dinorado,23,618.5,Cash,Retail,Mindanao,0.14,12233.93
1434,2026-01-04,Eggs,Dinorado,26,788.88,Cash,Wholesale,Mindanao,0.04,19690.44
1435,2026-02-04,Rice,Vegetable Oil,37,897.84,Bank Transfer,Retail,Luzon,0.0,33220.08
1436,2026-03-05,Rice,Sinandomeng,24,1419.53,GCash,Retail,Visayas,0.06,32024.6
1437,2026-02-18,Eggs,Angelika,49,1493.26,Bank Transfer,Retail,Luzon,0.0,73169.74
1438,2026-01-17,Rice,Sinandomeng,19,544.91,Bank Transfer,Retail,Luzon,0.14,8903.83
1439,2026-02-13,Oil,Premium Rice,25,1261.01,Bank Transfer,Retail,Luzon,0.03,30579.49
1440,2026-04-02,Oil,Angelika,21,871.72,Bank Transfer,Wholesale,Mindanao,0.12,16109.39
1441,2026-01-30,Rice,Organic Eggs,12,892.46,Cash,Retail,Mindanao,0.12,9424.38
1442,2026-04-03,Eggs,Organic Eggs,41,1254.26,GCash,Retail,Mindanao,0.03,49881.92
1443,2026-02-15,Oil,Organic Eggs,33,1418.43,Bank Transfer,Retail,Visayas,0.09,42595.45
1444,2026-04-27,Eggs,Dinorado,4,1450.93,GCash,Wholesale,Mindanao,0.01,5745.68
1445,2026-01-06,Eggs,Sinandomeng,42,1077.12,GCash,Wholesale,Visayas,0.07,42072.31
1446,2026-04-09,Oil,Organic Eggs,7,857.12,GCash,Wholesale,Mindanao,0.0,5999.84
1447,2026-04-15,Eggs,Well-Milled Rice,22,1287.55,Bank Transfer,Wholesale,Mindanao,0.14,24360.45
1448,2026-02-06,Oil,Vegetable Oil,33,751.0,Cash,Retail,Luzon,0.15,21065.55
1449,2026-01-24,Eggs,Well-Milled Rice,17,1064.07,Bank Transfer,Retail,Luzon,0.03,17546.51
1450,2026-04-03,Oil,Organic Eggs,24,858.58,GCash,Wholesale,Luzon,0.03,19987.74
1451,2026-04-23,Rice,Vegetable Oil,34,1156.63,GCash,Wholesale,Visayas,0.11,34999.62
1452,2026-02-15,Oil,Premium Rice,28,740.4,Cash,Wholesale,Visayas,0.04,19901.95
1453,2026-02-22,Oil,Well-Milled Rice,43,691.59,Bank Transfer,Wholesale,Mindanao,0.13,25872.38
1454,2026-04-05,Oil,Sinandomeng,41,1418.24,GCash,Retail,Visayas,0.09,52914.53
1455,2026-04-09,Oil,Sinandomeng,39,601.8,Cash,Wholesale,Mindanao,0.05,22296.69
1456,2026-03-01,Eggs,Well-Milled Rice,22,1005.96,GCash,Wholesale,Visayas,0.12,19475.39
1457,2026-04-07,Rice,Organic Eggs,49,720.85,Cash,Wholesale,Visayas,0.07,32849.13
1458,2026-04-26,Oil,Sinandomeng,17,538.93,Cash,Wholesale,Visayas,0.14,7879.16
1459,2026-03-04,Eggs,Premium Rice,34,536.02,Bank Transfer,Wholesale,Luzon,0.14,15673.22
1460,2026-03-26,Rice,Angelika,6,675.22,GCash,Wholesale,Visayas,0.02,3970.29
1461,2026-02-01,Rice,Organic Eggs,46,1366.77,Bank Transfer,Wholesale,Luzon,0.0,62871.42
1462,2026-03-28,Rice,Premium Rice,6,782.48,GCash,Retail,Luzon,0.15,3990.65
1463,2026-02-02,Rice,Vegetable Oil,34,1450.46,Bank Transfer,Retail,Visayas,0.14,42411.45
1464,2026-03-08,Oil,Premium Rice,1,1081.62,GCash,Retail,Mindanao,0.01,1070.8
1465,2026-01-18,Oil,Organic Eggs,10,936.61,Bank Transfer,Retail,Mindanao,0.12,8242.17
1466,2026-01-25,Eggs,Vegetable Oil,21,1080.09,Cash,Retail,Mindanao,0.07,21094.16
1467,2026-04-16,Eggs,Organic Eggs,5,1016.7,GCash,Retail,Visayas,0.04,4880.16
1468,2026-04-05,Eggs,Sinandomeng,2,1258.78,GCash,Wholesale,Mindanao,0.13,2190.28
1469,2026-02-23,Rice,Angelika,22,782.5,Cash,Wholesale,Luzon,0.03,16698.55
1470,2026-02-27,Rice,Organic Eggs,48,853.05,Bank Transfer,Retail,Mindanao,0.14,35213.9
1471,2026-03-08,Oil,Organic Eggs,2,1394.09,GCash,Wholesale,Visayas,0.03,2704.53
1472,2026-04-14,Rice,Sinandomeng,10,1446.46,GCash,Retail,Mindanao,0.09,13162.79
1473,2026-02-15,Rice,Dinorado,34,1392.56,Bank Transfer,Wholesale,Luzon,0.03,45926.63
1474,2026-01-24,Rice,Sinandomeng,16,919.45,Cash,Wholesale,Visayas,0.08,13534.3
1475,2026-04-24,Eggs,Vegetable Oil,48,1280.37,Bank Transfer,Wholesale,Mindanao,0.1,55311.98
1476,2026-02-01,Eggs,Sinandomeng,39,976.34,Bank Transfer,Wholesale,Visayas,0.03,36934.94
1477,2026-02-16,Oil,Sinandomeng,22,997.54,Bank Transfer,Wholesale,Visayas,0.08,20190.21
1478,2026-03-27,Rice,Angelika,12,704.68,GCash,Wholesale,Visayas,0.07,7864.23
1479,2026-01-23,Rice,Sinandomeng,24,1091.13,Cash,Retail,Mindanao,0.01,25925.25
1480,2026-03-07,Oil,Organic Eggs,47,686.14,Cash,Retail,Visayas,0.12,28378.75
1481,2026-01-27,Rice,Angelika,40,831.56,Bank Transfer,Wholesale,Mindanao,0.05,31599.28
1482,2026-04-16,Rice,Well-Milled Rice,38,1355.03,GCash,Retail,Luzon,0.09,46856.94
1483,2026-01-02,Eggs,Dinorado,10,707.08,Bank Transfer,Wholesale,Mindanao,0.08,6505.14
1484,2026-03-31,Oil,Angelika,35,571.16,GCash,Retail,Luzon,0.08,18391.35
1485,2026-01-17,Oil,Vegetable Oil,49,569.01,GCash,Wholesale,Mindanao,0.02,27323.86
1486,2026-04-14,Oil,Well-Milled Rice,32,1440.78,GCash,Retail,Visayas,0.06,43338.66
1487,2026-02-02,Oil,Angelika,7,1006.92,GCash,Wholesale,Mindanao,0.07,6555.05
1488,2026-01-09,Eggs,Angelika,21,909.41,Cash,Retail,Visayas,0.11,16996.87
1489,2026-02-12,Eggs,Dinorado,20,1310.88,GCash,Wholesale,Luzon,0.13,22809.31
1490,2026-04-28,Rice,Organic Eggs,26,1335.83,GCash,Retail,Mindanao,0.08,31953.05
1491,2026-02-17,Rice,Vegetable Oil,4,832.19,Bank Transfer,Wholesale,Visayas,0.01,3295.47
1492,2026-02-08,Rice,Premium Rice,46,1193.62,Bank Transfer,Wholesale,Luzon,0.04,52710.26
1493,2026-04-03,Rice,Premium Rice,22,1271.12,Cash,Wholesale,Luzon,0.02,27405.35
1494,2026-02-11,Eggs,Angelika,15,1154.65,Bank Transfer,Retail,Mindanao,0.02,16973.36
1495,2026-04-29,Oil,Sinandomeng,40,651.6,GCash,Retail,Luzon,0.05,24760.8
1496,2026-01-26,Eggs,Vegetable Oil,21,1375.88,Bank Transfer,Retail,Visayas,0.03,28026.68
1497,2026-04-09,Rice,Well-Milled Rice,15,1039.09,Cash,Wholesale,Luzon,0.03,15118.76
1498,2026-02-19,Eggs,Sinandomeng,22,782.47,Bank Transfer,Retail,Luzon,0.01,17042.2
1499,2026-01-25,Oil,Sinandomeng,28,925.23,Bank Transfer,Wholesale,Visayas,0.0,25906.44
1500,2026-01-24,Oil,Vegetable Oil,14,537.57,Cash,Retail,Luzon,0.02,7375.46
1501,2026-01-13,Eggs,Organic Eggs,27,627.87,Cash,Retail,Luzon,0.03,16443.92
1502,2026-03-01,Eggs,Angelika,41,1265.55,GCash,Retail,Luzon,0.06,48774.3
1503,2026-01-07,Eggs,Angelika,40,500.01,Bank Transfer,Retail,Luzon,0.08,18400.37
1504,2026-02-26,Rice,Angelika,28,916.57,GCash,Wholesale,Visayas,0.02,25150.68
1505,2026-02-05,Eggs,Angelika,26,1022.51,Bank Transfer,Retail,Luzon,0.06,24990.14
1506,2026-02-14,Eggs,Premium Rice,49,554.63,Bank Transfer,Retail,Visayas,0.05,25818.03
1507,2026-01-20,Eggs,Angelika,2,1473.08,GCash,Wholesale,Luzon,0.03,2857.78
1508,2026-03-06,Oil,Premium Rice,25,726.13,Bank Transfer,Wholesale,Luzon,0.0,18153.25
1509,2026-01-08,Oil,Premium Rice,3,804.2,Bank Transfer,Retail,Luzon,0.07,2243.72
1510,2026-04-20,Rice,Organic Eggs,8,803.94,Bank Transfer,Retail,Luzon,0.1,5788.37
1511,2026-01-16,Rice,Angelika,44,730.42,Cash,Wholesale,Visayas,0.03,31174.33
1512,2026-01-14,Oil,Dinorado,33,501.47,GCash,Wholesale,Visayas,0.02,16217.54
1513,2026-03-17,Oil,Well-Milled Rice,42,1229.34,Cash,Wholesale,Visayas,0.13,44920.08
1514,2026-04-25,Oil,Sinandomeng,35,1466.85,GCash,Retail,Mindanao,0.04,49286.16
1515,2026-03-28,Eggs,Premium Rice,6,724.29,GCash,Retail,Luzon,0.03,4215.37
1516,2026-01-15,Eggs,Vegetable Oil,39,1163.05,Bank Transfer,Retail,Luzon,0.13,39462.29
1517,2026-04-02,Oil,Vegetable Oil,23,1241.9,GCash,Wholesale,Visayas,0.12,25136.06
1518,2026-04-08,Eggs,Well-Milled Rice,25,1348.43,Cash,Wholesale,Mindanao,0.07,31351.0
1519,2026-03-07,Eggs,Vegetable Oil,43,922.63,Cash,Wholesale,Luzon,0.07,36895.97
1520,2026-02-01,Rice,Dinorado,19,802.93,Cash,Retail,Visayas,0.03,14798.0
1521,2026-03-28,Oil,Vegetable Oil,5,825.3,GCash,Wholesale,Luzon,0.01,4085.24
1522,2026-03-04,Oil,Sinandomeng,11,1212.62,Cash,Retail,Luzon,0.09,12138.33
1523,2026-03-27,Eggs,Sinandomeng,12,1316.78,GCash,Wholesale,Visayas,0.01,15643.35
1524,2026-02-20,Oil,Premium Rice,10,681.61,Cash,Retail,Visayas,0.07,6338.97
1525,2026-01-25,Rice,Angelika,8,870.94,Cash,Retail,Luzon,0.14,5992.07
1526,2026-02-27,Rice,Organic Eggs,24,1401.94,GCash,Wholesale,Luzon,0.14,28936.04
1527,2026-03-04,Rice,Dinorado,28,1306.69,Cash,Retail,Visayas,0.04,35123.83
1528,2026-03-03,Oil,Premium Rice,41,1484.86,Bank Transfer,Wholesale,Luzon,0.09,55400.13
1529,2026-01-22,Oil,Dinorado,36,1254.25,GCash,Retail,Luzon,0.07,41992.29
1530,2026-02-27,Oil,Angelika,37,893.2,GCash,Wholesale,Visayas,0.13,28752.11
1531,2026-02-27,Oil,Vegetable Oil,21,1090.64,GCash,Wholesale,Luzon,0.04,21987.3
1532,2026-03-27,Oil,Vegetable Oil,8,1161.01,Bank Transfer,Retail,Luzon,0.0,9288.08
1533,2026-02-18,Rice,Organic Eggs,9,578.46,GCash,Wholesale,Mindanao,0.02,5102.02
1534,2026-02-21,Eggs,Angelika,47,1044.5,Cash,Retail,Visayas,0.05,46636.92
1535,2026-02-11,Rice,Premium Rice,15,1209.32,Cash,Wholesale,Mindanao,0.05,17232.81
1536,2026-03-11,Oil,Organic Eggs,48,667.32,Cash,Wholesale,Mindanao,0.12,28187.6
1537,2026-01-15,Rice,Angelika,46,1280.63,GCash,Wholesale,Mindanao,0.1,53018.08
1538,2026-02-23,Oil,Well-Milled Rice,40,1083.77,Cash,Wholesale,Luzon,0.04,41616.77
1539,2026-04-17,Oil,Sinandomeng,18,1452.22,GCash,Retail,Luzon,0.07,24310.16
1540,2026-03-01,Rice,Organic Eggs,42,542.42,Cash,Wholesale,Mindanao,0.01,22553.82
1541,2026-04-11,Oil,Organic Eggs,20,765.33,Bank Transfer,Wholesale,Mindanao,0.13,13316.74
1542,2026-04-07,Eggs,Premium Rice,6,1101.55,Bank Transfer,Retail,Mindanao,0.14,5684.0
1543,2026-01-08,Oil,Dinorado,12,796.56,Bank Transfer,Retail,Luzon,0.15,8124.91
1544,2026-02-22,Eggs,Well-Milled Rice,2,1214.42,Bank Transfer,Retail,Mindanao,0.13,2113.09
1545,2026-03-01,Eggs,Premium Rice,7,1259.01,GCash,Retail,Mindanao,0.03,8548.68
1546,2026-04-18,Oil,Angelika,16,602.52,Cash,Retail,Visayas,0.01,9543.92
1547,2026-04-18,Rice,Angelika,3,1013.85,Bank Transfer,Retail,Visayas,0.09,2767.81
1548,2026-01-05,Eggs,Angelika,45,1008.89,GCash,Wholesale,Luzon,0.14,39044.04
1549,2026-04-13,Rice,Angelika,3,869.28,Bank Transfer,Retail,Visayas,0.03,2529.6
1550,2026-03-09,Eggs,Dinorado,27,1432.92,Bank Transfer,Wholesale,Visayas,0.0,38688.84
1551,2026-01-06,Oil,Well-Milled Rice,43,1327.51,GCash,Retail,Visayas,0.12,50232.98
1552,2026-04-19,Oil,Vegetable Oil,40,1197.21,GCash,Wholesale,Luzon,0.01,47409.52
1553,2026-04-06,Eggs,Sinandomeng,38,1214.33,Cash,Wholesale,Visayas,0.06,43375.87
1554,2026-04-26,Oil,Dinorado,33,961.72,Cash,Wholesale,Luzon,0.1,28563.08
1555,2026-04-04,Eggs,Dinorado,28,1420.99,Bank Transfer,Retail,Mindanao,0.04,38196.21
1556,2026-02-16,Oil,Vegetable Oil,1,1194.6,Bank Transfer,Retail,Visayas,0.01,1182.65
1557,2026-04-09,Rice,Vegetable Oil,8,1228.98,Cash,Retail,Luzon,0.12,8652.02
1558,2026-02-24,Oil,Sinandomeng,37,1361.69,Cash,Retail,Visayas,0.09,45848.1
1559,2026-02-09,Rice,Sinandomeng,32,774.07,GCash,Wholesale,Mindanao,0.15,21054.7
1560,2026-02-21,Oil,Vegetable Oil,48,1307.07,Cash,Retail,Luzon,0.05,59602.39
1561,2026-01-16,Rice,Angelika,43,695.24,Cash,Wholesale,Luzon,0.01,29596.37
1562,2026-01-13,Oil,Dinorado,37,845.34,Bank Transfer,Wholesale,Luzon,0.11,27837.05
1563,2026-04-24,Rice,Premium Rice,4,835.61,Cash,Retail,Mindanao,0.08,3075.04
1564,2026-04-16,Eggs,Sinandomeng,30,1478.53,Bank Transfer,Retail,Mindanao,0.03,43025.22
1565,2026-01-30,Eggs,Sinandomeng,6,1356.54,Cash,Retail,Mindanao,0.12,7162.53
1566,2026-01-19,Rice,Vegetable Oil,46,1201.17,GCash,Wholesale,Luzon,0.03,53596.21
1567,2026-01-17,Oil,Well-Milled Rice,19,1227.06,Cash,Retail,Mindanao,0.04,22381.57
1568,2026-04-30,Rice,Premium Rice,32,1062.07,Cash,Wholesale,Visayas,0.01,33646.38
1569,2026-03-04,Oil,Premium Rice,9,1447.09,Cash,Retail,Mindanao,0.06,12242.38
1570,2026-01-19,Eggs,Sinandomeng,12,996.26,Bank Transfer,Wholesale,Luzon,0.06,11237.81
1571,2026-04-02,Oil,Angelika,11,880.52,GCash,Retail,Visayas,0.08,8910.86
1572,2026-02-27,Eggs,Well-Milled Rice,46,663.04,Cash,Retail,Mindanao,0.11,27144.86
1573,2026-02-24,Oil,Premium Rice,16,1286.21,Bank Transfer,Wholesale,Visayas,0.14,17698.25
1574,2026-03-31,Oil,Sinandomeng,1,1234.44,GCash,Retail,Visayas,0.02,1209.75
1575,2026-04-11,Oil,Premium Rice,45,884.36,Bank Transfer,Retail,Luzon,0.01,39398.24
1576,2026-03-31,Rice,Organic Eggs,21,525.19,Bank Transfer,Retail,Visayas,0.0,11028.99
1577,2026-04-27,Rice,Well-Milled Rice,30,1339.0,GCash,Retail,Visayas,0.02,39366.6
1578,2026-03-03,Eggs,Well-Milled Rice,13,511.42,Cash,Retail,Luzon,0.1,5983.61
1579,2026-01-23,Eggs,Organic Eggs,34,1203.7,Bank Transfer,Retail,Luzon,0.11,36423.96
1580,2026-01-09,Rice,Dinorado,4,1470.26,Bank Transfer,Retail,Luzon,0.12,5175.32
1581,2026-01-12,Eggs,Organic Eggs,28,937.66,Cash,Wholesale,Visayas,0.04,25204.3
1582,2026-04-27,Rice,Vegetable Oil,38,734.97,Cash,Wholesale,Visayas,0.05,26532.42
1583,2026-01-01,Oil,Vegetable Oil,31,1204.87,GCash,Retail,Visayas,0.07,34736.4
1584,2026-02-27,Eggs,Sinandomeng,27,1317.13,GCash,Retail,Luzon,0.01,35206.88
1585,2026-01-01,Eggs,Well-Milled Rice,5,1046.43,GCash,Retail,Mindanao,0.09,4761.26
1586,2026-04-21,Rice,Dinorado,25,1467.04,Cash,Wholesale,Visayas,0.15,31174.6
1587,2026-02-03,Eggs,Dinorado,3,551.67,Bank Transfer,Wholesale,Mindanao,0.05,1572.26
1588,2026-04-06,Eggs,Premium Rice,33,1004.8,Bank Transfer,Retail,Luzon,0.11,29510.98
1589,2026-04-28,Oil,Premium Rice,4,1218.45,GCash,Wholesale,Visayas,0.08,4483.9
1590,2026-02-17,Eggs,Organic Eggs,25,1362.64,Cash,Retail,Mindanao,0.02,33384.68
1591,2026-03-30,Oil,Dinorado,20,679.26,Bank Transfer,Retail,Visayas,0.09,12362.53
1592,2026-04-14,Rice,Organic Eggs,34,1300.0,GCash,Retail,Visayas,0.04,42432.0
1593,2026-04-19,Eggs,Organic Eggs,26,1052.71,Bank Transfer,Retail,Visayas,0.01,27096.76
1594,2026-04-27,Oil,Premium Rice,5,896.55,Bank Transfer,Wholesale,Mindanao,0.1,4034.48
1595,2026-01-01,Rice,Well-Milled Rice,35,631.72,Cash,Wholesale,Luzon,0.13,19235.87
1596,2026-01-16,Eggs,Organic Eggs,28,1365.3,Cash,Retail,Visayas,0.05,36316.98
1597,2026-03-02,Rice,Angelika,29,657.27,Bank Transfer,Wholesale,Luzon,0.06,17917.18
1598,2026-04-13,Eggs,Well-Milled Rice,9,809.79,GCash,Wholesale,Luzon,0.13,6340.66
1599,2026-03-05,Rice,Dinorado,38,790.05,Cash,Retail,Mindanao,0.12,26419.27
1600,2026-03-04,Rice,Dinorado,6,1371.41,Bank Transfer,Wholesale,Mindanao,0.11,7323.33
1601,2026-03-10,Oil,Organic Eggs,19,1172.7,Cash,Retail,Luzon,0.04,21390.05
1602,2026-01-22,Rice,Well-Milled Rice,44,1296.68,Cash,Retail,Visayas,0.14,49066.37
1603,2026-04-03,Eggs,Premium Rice,11,750.47,Cash,Retail,Mindanao,0.02,8090.07
1604,2026-04-29,Eggs,Premium Rice,2,1124.87,Bank Transfer,Retail,Visayas,0.09,2047.26
1605,2026-03-08,Oil,Vegetable Oil,47,1071.75,GCash,Wholesale,Visayas,0.0,50372.25
1606,2026-03-17,Eggs,Dinorado,44,1332.83,GCash,Retail,Visayas,0.1,52780.07
1607,2026-01-26,Eggs,Sinandomeng,44,1406.09,GCash,Wholesale,Luzon,0.04,59393.24
1608,2026-01-16,Eggs,Vegetable Oil,9,512.16,Cash,Retail,Visayas,0.07,4286.78
1609,2026-02-20,Rice,Premium Rice,21,1174.02,Bank Transfer,Retail,Luzon,0.05,23421.7
1610,2026-04-11,Rice,Well-Milled Rice,24,551.84,Cash,Wholesale,Luzon,0.03,12846.84
1611,2026-03-27,Eggs,Premium Rice,34,1048.86,GCash,Retail,Visayas,0.09,32451.73
1612,2026-02-26,Oil,Well-Milled Rice,22,787.63,GCash,Wholesale,Visayas,0.13,15075.24
1613,2026-01-29,Rice,Vegetable Oil,3,806.78,Bank Transfer,Wholesale,Visayas,0.14,2081.49
1614,2026-03-19,Oil,Dinorado,12,852.96,Cash,Retail,Visayas,0.03,9928.45
1615,2026-04-02,Eggs,Premium Rice,28,1121.29,GCash,Retail,Luzon,0.11,27942.55
1616,2026-03-10,Eggs,Organic Eggs,30,834.05,Bank Transfer,Retail,Visayas,0.1,22519.35
1617,2026-02-16,Rice,Well-Milled Rice,26,1232.7,Cash,Retail,Visayas,0.05,30447.69
1618,2026-04-23,Eggs,Dinorado,48,904.53,Cash,Retail,Luzon,0.0,43417.44
1619,2026-04-04,Rice,Sinandomeng,21,568.35,GCash,Retail,Mindanao,0.1,10741.82
1620,2026-04-20,Eggs,Well-Milled Rice,28,1283.76,GCash,Wholesale,Mindanao,0.14,30912.94
1621,2026-03-03,Eggs,Vegetable Oil,26,785.76,Cash,Wholesale,Luzon,0.09,18591.08
1622,2026-04-26,Rice,Sinandomeng,33,932.77,Cash,Retail,Mindanao,0.07,28626.71
1623,2026-03-10,Rice,Sinandomeng,21,1185.44,GCash,Wholesale,Luzon,0.08,22902.7
1624,2026-03-17,Rice,Angelika,35,832.46,Cash,Wholesale,Visayas,0.03,28262.02
1625,2026-01-16,Eggs,Premium Rice,34,556.59,GCash,Retail,Visayas,0.11,16842.41
1626,2026-03-31,Eggs,Well-Milled Rice,41,873.92,Cash,Retail,Mindanao,0.11,31889.34
1627,2026-03-31,Oil,Sinandomeng,47,1444.45,GCash,Wholesale,Visayas,0.02,66531.37
1628,2026-02-17,Rice,Angelika,18,1141.73,Bank Transfer,Retail,Mindanao,0.13,17879.49
1629,2026-03-26,Eggs,Vegetable Oil,11,1171.48,GCash,Wholesale,Mindanao,0.04,12370.83
1630,2026-02-08,Eggs,Dinorado,23,1132.28,GCash,Retail,Visayas,0.15,22136.07
1631,2026-04-10,Rice,Organic Eggs,48,698.99,Bank Transfer,Wholesale,Visayas,0.06,31538.43
1632,2026-02-02,Oil,Organic Eggs,22,918.33,Cash,Wholesale,Mindanao,0.03,19597.16
1633,2026-04-04,Rice,Well-Milled Rice,17,1250.94,Bank Transfer,Wholesale,Visayas,0.05,20202.68
1634,2026-04-11,Oil,Sinandomeng,5,601.37,GCash,Wholesale,Luzon,0.07,2796.37
1635,2026-01-23,Eggs,Organic Eggs,44,777.85,Cash,Retail,Visayas,0.01,33883.15
1636,2026-01-10,Oil,Premium Rice,11,776.32,Bank Transfer,Retail,Visayas,0.09,7770.96
1637,2026-04-28,Eggs,Organic Eggs,30,932.02,Cash,Wholesale,Luzon,0.09,25444.15
1638,2026-03-10,Rice,Organic Eggs,15,1480.37,Cash,Wholesale,Visayas,0.11,19762.94
1639,2026-04-10,Rice,Organic Eggs,27,567.5,Bank Transfer,Retail,Visayas,0.0,15322.5
1640,2026-02-03,Rice,Angelika,35,1018.7,Cash,Retail,Mindanao,0.08,32802.14
1641,2026-02-21,Oil,Sinandomeng,33,679.36,Bank Transfer,Wholesale,Visayas,0.01,22194.69
1642,2026-04-05,Eggs,Premium Rice,20,1470.68,GCash,Wholesale,Visayas,0.11,26178.1
1643,2026-01-10,Rice,Sinandomeng,16,613.3,Cash,Wholesale,Luzon,0.01,9714.67
1644,2026-01-19,Rice,Well-Milled Rice,34,903.6,GCash,Wholesale,Mindanao,0.14,26421.26
1645,2026-02-27,Eggs,Well-Milled Rice,2,1237.88,GCash,Wholesale,Mindanao,0.11,2203.43
1646,2026-04-06,Rice,Well-Milled Rice,35,1204.55,Cash,Retail,Mindanao,0.08,38786.51
1647,2026-01-01,Eggs,Vegetable Oil,40,922.73,Bank Transfer,Wholesale,Visayas,0.07,34325.56
1648,2026-04-30,Eggs,Organic Eggs,28,846.52,Cash,Retail,Mindanao,0.02,23228.51
1649,2026-03-10,Eggs,Vegetable Oil,47,897.61,GCash,Retail,Luzon,0.04,40500.16
1650,2026-04-19,Eggs,Angelika,39,764.28,GCash,Retail,Mindanao,0.13,25932.02
1651,2026-01-04,Eggs,Well-Milled Rice,6,705.33,Bank Transfer,Wholesale,Luzon,0.14,3639.5
1652,2026-01-16,Oil,Premium Rice,9,983.04,Cash,Retail,Mindanao,0.0,8847.36
1653,2026-01-24,Rice,Sinandomeng,20,768.53,GCash,Retail,Mindanao,0.09,13987.25
1654,2026-03-21,Oil,Organic Eggs,1,787.46,GCash,Retail,Luzon,0.11,700.84
1655,2026-04-29,Rice,Dinorado,8,1156.76,GCash,Retail,Mindanao,0.09,8421.21
1656,2026-01-02,Oil,Premium Rice,23,1468.54,Bank Transfer,Wholesale,Mindanao,0.01,33438.66
1657,2026-04-23,Eggs,Organic Eggs,3,1103.64,GCash,Wholesale,Mindanao,0.03,3211.59
1658,2026-04-02,Rice,Vegetable Oil,4,576.98,GCash,Retail,Visayas,0.04,2215.6
1659,2026-02-01,Rice,Vegetable Oil,25,575.58,Cash,Retail,Luzon,0.12,12662.76
1660,2026-04-01,Oil,Premium Rice,47,1451.42,Cash,Wholesale,Mindanao,0.07,63441.57
1661,2026-03-25,Oil,Vegetable Oil,38,797.29,GCash,Wholesale,Luzon,0.07,28176.23
1662,2026-01-24,Rice,Well-Milled Rice,15,592.07,GCash,Wholesale,Luzon,0.14,7637.7
1663,2026-01-12,Oil,Angelika,21,1099.04,Cash,Retail,Luzon,0.1,20771.86
1664,2026-02-19,Oil,Sinandomeng,35,1123.65,Bank Transfer,Wholesale,Mindanao,0.13,34215.14
1665,2026-02-04,Oil,Angelika,46,1148.5,Bank Transfer,Retail,Mindanao,0.07,49132.83
1666,2026-02-02,Eggs,Organic Eggs,14,767.4,Bank Transfer,Retail,Luzon,0.02,10528.73
1667,2026-02-02,Eggs,Sinandomeng,36,515.11,Bank Transfer,Wholesale,Visayas,0.14,15947.81
1668,2026-03-02,Oil,Sinandomeng,12,1465.02,Bank Transfer,Retail,Luzon,0.07,16349.62
1669,2026-02-20,Oil,Angelika,17,750.89,Bank Transfer,Wholesale,Visayas,0.03,12382.18
1670,2026-02-12,Eggs,Premium Rice,39,1176.03,Bank Transfer,Retail,Luzon,0.05,43571.91
1671,2026-04-11,Eggs,Sinandomeng,9,1206.63,Bank Transfer,Wholesale,Luzon,0.01,10751.07
1672,2026-01-12,Rice,Angelika,35,1110.01,Cash,Retail,Luzon,0.07,36130.83
1673,2026-03-08,Rice,Sinandomeng,13,812.91,Bank Transfer,Retail,Mindanao,0.13,9194.01
1674,2026-03-06,Eggs,Dinorado,15,771.1,Bank Transfer,Wholesale,Visayas,0.14,9947.19
1675,2026-02-02,Oil,Premium Rice,18,1097.67,Bank Transfer,Wholesale,Visayas,0.14,16991.93
1676,2026-02-09,Oil,Well-Milled Rice,33,1366.1,GCash,Wholesale,Luzon,0.02,44179.67
1677,2026-03-15,Oil,Sinandomeng,6,1446.73,Cash,Wholesale,Mindanao,0.06,8159.56
1678,2026-02-12,Oil,Dinorado,27,605.91,Cash,Retail,Mindanao,0.0,16359.57
1679,2026-02-13,Rice,Well-Milled Rice,23,654.83,Cash,Wholesale,Visayas,0.13,13103.15
1680,2026-01-29,Eggs,Well-Milled Rice,27,1444.74,Bank Transfer,Wholesale,Mindanao,0.05,37057.58
1681,2026-01-13,Oil,Organic Eggs,34,1236.54,Bank Transfer,Retail,Visayas,0.09,38258.55
1682,2026-01-12,Rice,Sinandomeng,46,1382.99,GCash,Wholesale,Visayas,0.11,56619.61
1683,2026-04-05,Oil,Angelika,38,702.63,Cash,Wholesale,Visayas,0.06,25097.94
1684,2026-02-15,Eggs,Sinandomeng,14,1087.59,Bank Transfer,Retail,Mindanao,0.05,14464.95
1685,2026-01-02,Rice,Dinorado,36,1201.14,Cash,Wholesale,Visayas,0.14,37187.29
1686,2026-04-25,Eggs,Well-Milled Rice,8,1180.11,GCash,Wholesale,Visayas,0.14,8119.16
1687,2026-04-24,Eggs,Sinandomeng,35,908.15,GCash,Wholesale,Luzon,0.04,30513.84
1688,2026-02-04,Rice,Angelika,19,515.39,GCash,Wholesale,Visayas,0.07,9106.94
1689,2026-03-28,Rice,Organic Eggs,30,1082.93,Cash,Wholesale,Visayas,0.15,27614.72
1690,2026-03-22,Rice,Sinandomeng,14,753.1,Bank Transfer,Wholesale,Luzon,0.0,10543.4
1691,2026-03-31,Rice,Premium Rice,20,950.25,Bank Transfer,Retail,Luzon,0.06,17864.7
1692,2026-01-08,Rice,Organic Eggs,49,1457.58,GCash,Wholesale,Mindanao,0.02,69992.99
1693,2026-04-03,Rice,Angelika,25,899.04,Bank Transfer,Retail,Visayas,0.08,20677.92
1694,2026-01-26,Rice,Dinorado,40,1339.8,GCash,Retail,Mindanao,0.0,53592.0
1695,2026-03-15,Oil,Well-Milled Rice,24,688.54,Cash,Retail,Mindanao,0.06,15533.46
1696,2026-03-31,Eggs,Sinandomeng,14,1172.46,GCash,Retail,Luzon,0.03,15922.01
1697,2026-02-03,Rice,Angelika,26,1477.01,Cash,Wholesale,Mindanao,0.08,35330.08
1698,2026-04-25,Oil,Organic Eggs,38,601.89,GCash,Wholesale,Visayas,0.15,19441.05
1699,2026-04-15,Oil,Premium Rice,23,508.32,Bank Transfer,Wholesale,Luzon,0.12,10288.4
1700,2026-01-07,Oil,Angelika,22,933.58,Bank Transfer,Retail,Visayas,0.13,17868.72
1701,2026-03-09,Eggs,Vegetable Oil,48,592.63,GCash,Wholesale,Visayas,0.1,25601.62
1702,2026-02-27,Rice,Premium Rice,19,1248.38,Bank Transfer,Wholesale,Luzon,0.01,23482.03
1703,2026-04-27,Oil,Organic Eggs,46,1414.55,Bank Transfer,Wholesale,Visayas,0.03,63117.22
1704,2026-04-24,Eggs,Dinorado,3,934.02,Bank Transfer,Retail,Luzon,0.14,2409.77
1705,2026-04-19,Eggs,Well-Milled Rice,42,758.71,Cash,Retail,Visayas,0.05,30272.53
1706,2026-03-16,Eggs,Organic Eggs,19,934.4,Bank Transfer,Wholesale,Luzon,0.02,17398.53
1707,2026-01-29,Oil,Dinorado,9,1223.45,Cash,Retail,Mindanao,0.11,9799.83
1708,2026-04-30,Rice,Sinandomeng,28,509.05,GCash,Retail,Visayas,0.04,13683.26
1709,2026-02-05,Oil,Angelika,20,1089.45,Bank Transfer,Wholesale,Luzon,0.04,20917.44
1710,2026-03-30,Oil,Vegetable Oil,45,1113.29,Bank Transfer,Retail,Visayas,0.15,42583.34
1711,2026-01-21,Rice,Premium Rice,7,1137.69,Bank Transfer,Retail,Visayas,0.13,6928.53
1712,2026-02-05,Rice,Premium Rice,14,742.02,GCash,Wholesale,Visayas,0.06,9764.98
1713,2026-01-10,Rice,Angelika,9,1214.05,Cash,Retail,Luzon,0.15,9287.48
1714,2026-04-11,Eggs,Vegetable Oil,19,591.39,Cash,Retail,Mindanao,0.1,10112.77
1715,2026-03-14,Rice,Angelika,47,699.27,Bank Transfer,Retail,Mindanao,0.11,29250.46
1716,2026-01-24,Oil,Sinandomeng,14,1377.47,GCash,Retail,Mindanao,0.0,19284.58
1717,2026-03-05,Rice,Dinorado,38,1238.72,GCash,Retail,Luzon,0.02,46129.93
1718,2026-04-09,Oil,Organic Eggs,36,513.75,GCash,Retail,Mindanao,0.09,16830.45
1719,2026-02-18,Eggs,Premium Rice,40,748.38,GCash,Retail,Luzon,0.13,26043.62
1720,2026-04-09,Oil,Sinandomeng,17,714.41,GCash,Retail,Visayas,0.09,11051.92
1721,2026-04-22,Oil,Dinorado,30,770.81,Cash,Wholesale,Visayas,0.02,22661.81
1722,2026-02-05,Rice,Sinandomeng,9,747.56,Cash,Wholesale,Mindanao,0.02,6593.48
1723,2026-03-23,Rice,Vegetable Oil,33,562.53,Cash,Wholesale,Luzon,0.13,16150.24
1724,2026-04-23,Oil,Premium Rice,25,958.94,Bank Transfer,Wholesale,Visayas,0.02,23494.03
1725,2026-04-13,Rice,Organic Eggs,14,1232.73,GCash,Retail,Luzon,0.08,15877.56
1726,2026-04-06,Eggs,Angelika,11,1106.73,Bank Transfer,Wholesale,Luzon,0.01,12052.29
1727,2026-01-24,Eggs,Angelika,35,1172.87,GCash,Wholesale,Visayas,0.01,40639.95
1728,2026-01-23,Rice,Dinorado,41,581.15,Cash,Retail,Luzon,0.1,21444.44
1729,2026-03-03,Eggs,Organic Eggs,14,1451.49,Bank Transfer,Retail,Visayas,0.1,18288.77
1730,2026-04-06,Rice,Well-Milled Rice,30,1338.49,Cash,Retail,Visayas,0.05,38146.96
1731,2026-02-06,Oil,Vegetable Oil,41,1305.09,GCash,Retail,Visayas,0.03,51903.43
1732,2026-01-12,Oil,Dinorado,4,1322.98,GCash,Retail,Luzon,0.12,4656.89
1733,2026-04-23,Eggs,Well-Milled Rice,4,1432.71,GCash,Wholesale,Visayas,0.03,5558.91
1734,2026-02-24,Rice,Sinandomeng,28,1044.25,Cash,Retail,Luzon,0.08,26899.88
1735,2026-01-13,Rice,Vegetable Oil,8,700.28,GCash,Wholesale,Visayas,0.15,4761.9
1736,2026-01-23,Eggs,Sinandomeng,2,1116.78,Cash,Wholesale,Visayas,0.02,2188.89
1737,2026-03-30,Oil,Organic Eggs,41,1242.88,Bank Transfer,Retail,Mindanao,0.14,43823.95
1738,2026-04-09,Eggs,Premium Rice,46,1237.92,GCash,Wholesale,Mindanao,0.03,55235.99
1739,2026-04-15,Oil,Vegetable Oil,22,1021.45,GCash,Wholesale,Mindanao,0.09,20449.43
1740,2026-01-30,Rice,Well-Milled Rice,41,568.46,GCash,Retail,Luzon,0.06,21908.45
1741,2026-01-17,Oil,Premium Rice,16,871.11,Bank Transfer,Wholesale,Luzon,0.14,11986.47
1742,2026-04-23,Eggs,Angelika,29,1420.77,GCash,Wholesale,Visayas,0.04,39554.24
1743,2026-03-03,Rice,Well-Milled Rice,49,1084.45,Cash,Wholesale,Visayas,0.06,49949.77
1744,2026-03-25,Eggs,Dinorado,48,1038.33,Cash,Retail,Visayas,0.15,42363.86
1745,2026-04-22,Eggs,Angelika,30,768.85,GCash,Retail,Visayas,0.08,21220.26
1746,2026-03-30,Oil,Angelika,12,868.45,GCash,Retail,Luzon,0.08,9587.69
1747,2026-03-27,Eggs,Dinorado,35,1395.35,Bank Transfer,Wholesale,Visayas,0.04,46883.76
1748,2026-01-13,Oil,Vegetable Oil,11,1166.46,Bank Transfer,Retail,Visayas,0.11,11419.64
1749,2026-02-28,Rice,Angelika,46,1287.39,Bank Transfer,Wholesale,Mindanao,0.0,59219.94
1750,2026-01-19,Oil,Organic Eggs,21,954.35,GCash,Retail,Visayas,0.01,19840.94
1751,2026-02-18,Rice,Well-Milled Rice,21,1130.25,Bank Transfer,Wholesale,Visayas,0.09,21599.08
1752,2026-04-10,Oil,Premium Rice,5,748.38,Bank Transfer,Retail,Visayas,0.05,3554.8
1753,2026-01-12,Eggs,Angelika,48,1205.46,Cash,Retail,Luzon,0.14,49761.39
1754,2026-03-02,Oil,Well-Milled Rice,20,927.6,Bank Transfer,Wholesale,Mindanao,0.14,15954.72
1755,2026-04-15,Oil,Sinandomeng,37,942.55,Cash,Retail,Visayas,0.11,31038.17
1756,2026-01-19,Rice,Well-Milled Rice,3,1149.32,Cash,Wholesale,Visayas,0.12,3034.2
1757,2026-03-17,Eggs,Premium Rice,44,1436.28,Bank Transfer,Retail,Mindanao,0.1,56876.69
1758,2026-01-09,Oil,Well-Milled Rice,33,564.01,Cash,Retail,Visayas,0.02,18240.08
1759,2026-03-12,Eggs,Dinorado,9,1324.74,GCash,Wholesale,Luzon,0.11,10611.17
1760,2026-01-28,Oil,Premium Rice,9,792.38,GCash,Wholesale,Visayas,0.03,6917.48
1761,2026-03-19,Oil,Vegetable Oil,4,943.92,Bank Transfer,Wholesale,Luzon,0.05,3586.9
1762,2026-04-05,Eggs,Sinandomeng,35,521.91,GCash,Retail,Luzon,0.12,16074.83
1763,2026-02-21,Oil,Dinorado,17,801.05,Cash,Wholesale,Visayas,0.08,12528.42
1764,2026-03-24,Eggs,Vegetable Oil,34,1002.63,GCash,Retail,Mindanao,0.13,29657.8
1765,2026-04-21,Oil,Well-Milled Rice,24,556.18,Bank Transfer,Wholesale,Luzon,0.03,12947.87
1766,2026-01-16,Rice,Premium Rice,32,991.1,Bank Transfer,Wholesale,Mindanao,0.09,28860.83
1767,2026-04-27,Eggs,Sinandomeng,1,1427.11,Cash,Wholesale,Visayas,0.01,1412.84
1768,2026-03-10,Oil,Dinorado,8,605.39,Bank Transfer,Wholesale,Luzon,0.1,4358.81
1769,2026-04-09,Oil,Vegetable Oil,45,1264.44,GCash,Wholesale,Visayas,0.11,50640.82
1770,2026-01-12,Rice,Vegetable Oil,23,909.67,Bank Transfer,Wholesale,Mindanao,0.09,19039.39
1771,2026-01-25,Eggs,Sinandomeng,47,1155.17,Cash,Retail,Visayas,0.04,52121.27
1772,2026-02-21,Oil,Organic Eggs,40,760.24,Bank Transfer,Wholesale,Visayas,0.0,30409.6
1773,2026-03-26,Rice,Well-Milled Rice,12,659.49,GCash,Retail,Luzon,0.02,7755.6
1774,2026-04-10,Oil,Sinandomeng,12,660.46,Cash,Wholesale,Visayas,0.09,7212.22
1775,2026-02-22,Eggs,Vegetable Oil,46,570.49,GCash,Wholesale,Visayas,0.14,22568.58
1776,2026-01-23,Oil,Angelika,47,685.65,Cash,Wholesale,Visayas,0.03,31258.78
1777,2026-01-16,Oil,Dinorado,15,1164.22,Bank Transfer,Retail,Luzon,0.11,15542.34
1778,2026-02-26,Oil,Sinandomeng,41,1381.69,Cash,Retail,Mindanao,0.13,49284.88
1779,2026-02-08,Oil,Organic Eggs,19,1314.13,Cash,Wholesale,Mindanao,0.08,22970.99
1780,2026-04-19,Rice,Vegetable Oil,26,1185.13,Bank Transfer,Retail,Visayas,0.1,27732.04
1781,2026-02-22,Rice,Well-Milled Rice,29,610.43,GCash,Wholesale,Luzon,0.12,15578.17
1782,2026-02-11,Eggs,Vegetable Oil,22,789.19,Bank Transfer,Wholesale,Visayas,0.04,16667.69
1783,2026-02-27,Rice,Well-Milled Rice,40,809.81,Cash,Retail,Mindanao,0.04,31096.7
1784,2026-02-08,Rice,Sinandomeng,21,749.96,Bank Transfer,Retail,Luzon,0.0,15749.16
1785,2026-01-14,Eggs,Well-Milled Rice,38,1015.01,Cash,Retail,Mindanao,0.14,33170.53
1786,2026-04-05,Rice,Premium Rice,20,1035.55,Bank Transfer,Retail,Mindanao,0.14,17811.46
1787,2026-01-05,Rice,Premium Rice,29,856.89,Bank Transfer,Wholesale,Luzon,0.11,22116.33
1788,2026-02-04,Eggs,Premium Rice,4,853.79,GCash,Retail,Luzon,0.01,3381.01
1789,2026-03-28,Eggs,Organic Eggs,7,1328.56,Cash,Retail,Visayas,0.07,8648.93
1790,2026-04-03,Eggs,Organic Eggs,28,1289.29,GCash,Wholesale,Visayas,0.02,35378.12
1791,2026-04-17,Oil,Angelika,28,807.8,Cash,Retail,Mindanao,0.0,22618.4
1792,2026-03-16,Oil,Organic Eggs,4,1413.79,Bank Transfer,Retail,Luzon,0.09,5146.2
1793,2026-01-18,Eggs,Sinandomeng,22,1452.82,Cash,Retail,Luzon,0.14,27487.35
1794,2026-04-21,Eggs,Vegetable Oil,12,826.74,GCash,Retail,Visayas,0.14,8531.96
1795,2026-03-17,Eggs,Vegetable Oil,45,854.42,GCash,Wholesale,Mindanao,0.1,34604.01
1796,2026-01-09,Oil,Angelika,3,1005.63,GCash,Wholesale,Mindanao,0.01,2986.72
1797,2026-03-15,Oil,Organic Eggs,22,1441.12,Cash,Retail,Visayas,0.04,30436.45
1798,2026-02-27,Rice,Well-Milled Rice,44,1376.32,GCash,Retail,Luzon,0.05,57530.18
1799,2026-04-18,Rice,Angelika,2,602.57,GCash,Wholesale,Visayas,0.11,1072.57
1800,2026-01-17,Eggs,Well-Milled Rice,24,892.73,GCash,Retail,Visayas,0.12,18854.46
1801,2026-04-12,Oil,Well-Milled Rice,34,1053.37,Bank Transfer,Retail,Visayas,0.06,33665.71
1802,2026-01-07,Oil,Dinorado,27,1003.13,Bank Transfer,Retail,Visayas,0.06,25459.44
1803,2026-02-15,Oil,Vegetable Oil,41,693.86,Cash,Retail,Luzon,0.01,28163.78
1804,2026-01-13,Eggs,Premium Rice,1,1358.82,Cash,Retail,Visayas,0.04,1304.47
1805,2026-02-09,Rice,Organic Eggs,8,1176.94,GCash,Retail,Luzon,0.07,8756.43
1806,2026-02-11,Eggs,Well-Milled Rice,23,1337.91,Bank Transfer,Retail,Visayas,0.02,30156.49
1807,2026-01-09,Rice,Dinorado,38,1358.76,GCash,Retail,Mindanao,0.07,48018.58
1808,2026-02-19,Rice,Vegetable Oil,6,1248.36,GCash,Retail,Luzon,0.13,6516.44
1809,2026-01-27,Eggs,Premium Rice,22,939.21,Bank Transfer,Wholesale,Mindanao,0.09,18802.98
1810,2026-03-07,Rice,Well-Milled Rice,25,1110.55,Bank Transfer,Wholesale,Visayas,0.01,27486.11
1811,2026-01-05,Rice,Well-Milled Rice,18,660.37,Bank Transfer,Wholesale,Visayas,0.03,11530.06
1812,2026-01-29,Oil,Angelika,17,1173.65,Cash,Retail,Visayas,0.07,18555.41
1813,2026-02-06,Rice,Angelika,12,679.25,Cash,Retail,Luzon,0.05,7743.45
1814,2026-02-07,Eggs,Vegetable Oil,6,1193.95,GCash,Wholesale,Mindanao,0.05,6805.52
1815,2026-03-24,Eggs,Premium Rice,26,729.6,Cash,Retail,Luzon,0.08,17452.03
1816,2026-01-08,Rice,Well-Milled Rice,27,617.55,Bank Transfer,Wholesale,Luzon,0.09,15173.2
1817,2026-04-22,Oil,Vegetable Oil,8,665.28,Bank Transfer,Retail,Visayas,0.12,4683.57
1818,2026-04-19,Oil,Vegetable Oil,19,501.99,Cash,Wholesale,Mindanao,0.05,9060.92
1819,2026-03-06,Rice,Sinandomeng,42,1218.74,GCash,Wholesale,Visayas,0.12,45044.63
1820,2026-03-27,Rice,Organic Eggs,1,1232.4,GCash,Wholesale,Luzon,0.05,1170.78
1821,2026-04-26,Eggs,Angelika,29,1014.93,Cash,Retail,Visayas,0.01,29138.64
1822,2026-01-17,Rice,Premium Rice,45,661.36,GCash,Wholesale,Mindanao,0.08,27380.3
1823,2026-03-12,Oil,Well-Milled Rice,49,583.55,GCash,Retail,Visayas,0.09,26020.49
1824,2026-03-30,Rice,Vegetable Oil,35,519.13,GCash,Retail,Mindanao,0.14,15625.81
1825,2026-02-14,Eggs,Well-Milled Rice,40,665.75,Bank Transfer,Retail,Mindanao,0.11,23700.7
1826,2026-01-04,Eggs,Sinandomeng,14,1390.86,Bank Transfer,Retail,Visayas,0.14,16745.95
1827,2026-02-05,Eggs,Premium Rice,35,741.54,Cash,Retail,Luzon,0.14,22320.35
1828,2026-03-11,Eggs,Vegetable Oil,48,854.27,Bank Transfer,Retail,Visayas,0.09,37314.51
1829,2026-01-31,Eggs,Well-Milled Rice,45,605.35,GCash,Retail,Luzon,0.08,25061.49
1830,2026-01-19,Rice,Angelika,20,722.36,Bank Transfer,Wholesale,Luzon,0.08,13291.42
1831,2026-03-02,Rice,Organic Eggs,49,1019.22,Cash,Wholesale,Visayas,0.15,42450.51
1832,2026-04-18,Rice,Sinandomeng,13,1107.75,Bank Transfer,Wholesale,Luzon,0.12,12672.66
1833,2026-02-23,Rice,Premium Rice,38,745.35,GCash,Retail,Luzon,0.02,27756.83
1834,2026-02-08,Eggs,Sinandomeng,49,557.73,GCash,Retail,Visayas,0.12,24049.32
1835,2026-04-01,Oil,Angelika,46,891.03,Cash,Retail,Visayas,0.03,39757.76
1836,2026-03-15,Rice,Premium Rice,49,734.2,Bank Transfer,Retail,Visayas,0.07,33457.49
1837,2026-03-31,Oil,Sinandomeng,8,719.55,Bank Transfer,Wholesale,Luzon,0.03,5583.71
1838,2026-01-19,Rice,Dinorado,43,1459.86,Bank Transfer,Retail,Mindanao,0.1,56496.58
1839,2026-02-08,Rice,Angelika,20,1116.3,GCash,Wholesale,Luzon,0.13,19423.62
1840,2026-03-08,Oil,Angelika,33,1056.88,Cash,Retail,Mindanao,0.04,33481.96
1841,2026-02-14,Eggs,Angelika,26,915.78,Bank Transfer,Wholesale,Visayas,0.01,23572.18
1842,2026-01-13,Rice,Dinorado,39,928.94,GCash,Retail,Mindanao,0.04,34779.51
1843,2026-04-24,Rice,Dinorado,21,1040.91,GCash,Wholesale,Visayas,0.1,19673.2
1844,2026-04-02,Rice,Well-Milled Rice,49,1196.43,GCash,Retail,Visayas,0.05,55693.82
1845,2026-02-27,Oil,Vegetable Oil,42,1202.15,Bank Transfer,Wholesale,Mindanao,0.04,48470.69
1846,2026-01-20,Eggs,Organic Eggs,43,671.69,Bank Transfer,Retail,Visayas,0.03,28016.19
1847,2026-04-02,Oil,Sinandomeng,41,1000.11,Bank Transfer,Wholesale,Mindanao,0.07,38134.19
1848,2026-03-13,Oil,Well-Milled Rice,9,911.96,Bank Transfer,Wholesale,Visayas,0.04,7879.33
1849,2026-03-02,Eggs,Sinandomeng,24,1370.53,Bank Transfer,Retail,Luzon,0.11,29274.52
1850,2026-04-15,Oil,Organic Eggs,37,1131.42,Bank Transfer,Wholesale,Luzon,0.01,41443.91
1851,2026-02-08,Eggs,Vegetable Oil,49,1032.5,Bank Transfer,Retail,Visayas,0.1,45533.25
1852,2026-01-01,Rice,Dinorado,41,615.39,Bank Transfer,Retail,Visayas,0.04,24221.75
1853,2026-01-03,Eggs,Vegetable Oil,17,1105.64,Bank Transfer,Retail,Mindanao,0.07,17480.17
1854,2026-03-18,Rice,Dinorado,24,617.2,GCash,Wholesale,Luzon,0.04,14220.29
1855,2026-04-02,Oil,Organic Eggs,21,837.21,Bank Transfer,Wholesale,Mindanao,0.11,15647.45
1856,2026-03-03,Oil,Vegetable Oil,39,642.84,Cash,Retail,Visayas,0.14,21560.85
1857,2026-03-04,Rice,Well-Milled Rice,41,1192.07,GCash,Retail,Visayas,0.14,42032.39
1858,2026-04-23,Oil,Premium Rice,39,706.25,Bank Transfer,Wholesale,Mindanao,0.09,25064.81
1859,2026-01-25,Eggs,Well-Milled Rice,13,891.86,Cash,Wholesale,Visayas,0.07,10782.59
1860,2026-02-25,Rice,Sinandomeng,11,1395.67,Bank Transfer,Wholesale,Luzon,0.12,13510.09
1861,2026-02-02,Oil,Well-Milled Rice,46,704.32,Cash,Retail,Mindanao,0.1,29158.85
1862,2026-02-07,Rice,Organic Eggs,19,1007.81,Cash,Retail,Luzon,0.03,18573.94
1863,2026-04-27,Eggs,Angelika,11,919.27,Cash,Retail,Luzon,0.12,8898.53
1864,2026-01-06,Eggs,Sinandomeng,13,518.12,Cash,Retail,Luzon,0.06,6331.43
1865,2026-02-27,Oil,Vegetable Oil,46,1292.76,GCash,Retail,Mindanao,0.03,57682.95
1866,2026-02-13,Eggs,Sinandomeng,45,569.05,GCash,Wholesale,Visayas,0.04,24582.96
1867,2026-02-14,Rice,Premium Rice,1,974.26,Cash,Retail,Luzon,0.04,935.29
1868,2026-02-01,Eggs,Dinorado,40,1060.68,Bank Transfer,Wholesale,Luzon,0.08,39033.02
1869,2026-02-14,Rice,Vegetable Oil,44,1128.43,Cash,Wholesale,Luzon,0.04,47664.88
1870,2026-03-02,Rice,Sinandomeng,19,1188.63,GCash,Retail,Visayas,0.02,22132.29
1871,2026-02-16,Eggs,Vegetable Oil,12,753.27,Bank Transfer,Wholesale,Visayas,0.02,8858.46
1872,2026-01-21,Oil,Vegetable Oil,8,509.98,GCash,Retail,Mindanao,0.09,3712.65
1873,2026-03-21,Eggs,Vegetable Oil,8,1223.44,GCash,Wholesale,Visayas,0.11,8710.89
1874,2026-04-28,Rice,Dinorado,45,1035.66,Bank Transfer,Retail,Mindanao,0.05,44274.46
1875,2026-03-26,Rice,Organic Eggs,12,1336.12,Cash,Retail,Mindanao,0.01,15873.11
1876,2026-03-16,Eggs,Well-Milled Rice,48,1321.39,Cash,Wholesale,Mindanao,0.02,62158.19
1877,2026-04-11,Oil,Vegetable Oil,33,1343.33,Cash,Retail,Mindanao,0.14,38123.71
1878,2026-02-05,Oil,Angelika,45,985.09,Cash,Wholesale,Mindanao,0.07,41226.02
1879,2026-04-09,Rice,Organic Eggs,26,833.63,Bank Transfer,Retail,Luzon,0.07,20157.17
1880,2026-01-19,Rice,Premium Rice,39,1291.56,Bank Transfer,Retail,Visayas,0.01,49867.13
1881,2026-01-20,Oil,Dinorado,28,951.29,Bank Transfer,Retail,Luzon,0.11,23706.15
1882,2026-02-26,Eggs,Sinandomeng,5,683.44,GCash,Wholesale,Mindanao,0.08,3143.82
1883,2026-01-18,Rice,Dinorado,8,1354.97,Bank Transfer,Wholesale,Visayas,0.03,10514.57
1884,2026-02-16,Rice,Sinandomeng,25,1382.56,Cash,Retail,Luzon,0.02,33872.72
1885,2026-04-15,Oil,Dinorado,27,966.31,GCash,Wholesale,Luzon,0.06,24524.95
1886,2026-02-18,Eggs,Sinandomeng,46,575.7,Cash,Retail,Mindanao,0.13,23039.51
1887,2026-01-14,Oil,Vegetable Oil,23,887.83,Cash,Wholesale,Luzon,0.13,17765.48
1888,2026-01-15,Eggs,Well-Milled Rice,30,1303.54,Bank Transfer,Wholesale,Luzon,0.09,35586.64
1889,2026-01-31,Eggs,Sinandomeng,45,1401.77,Bank Transfer,Retail,Luzon,0.11,56140.89
1890,2026-01-01,Eggs,Sinandomeng,47,703.47,Cash,Retail,Luzon,0.02,32401.83
1891,2026-04-27,Rice,Angelika,23,566.97,Cash,Retail,Luzon,0.09,11866.68
1892,2026-02-23,Oil,Sinandomeng,49,1377.35,GCash,Retail,Mindanao,0.1,60741.13
1893,2026-04-28,Oil,Angelika,47,889.4,Bank Transfer,Retail,Mindanao,0.03,40547.75
1894,2026-01-03,Eggs,Premium Rice,20,1041.76,GCash,Wholesale,Luzon,0.13,18126.62
1895,2026-01-16,Rice,Vegetable Oil,18,1468.07,GCash,Wholesale,Mindanao,0.03,25632.5
1896,2026-03-28,Rice,Angelika,18,566.56,GCash,Retail,Mindanao,0.05,9688.18
1897,2026-02-26,Oil,Well-Milled Rice,2,1148.32,Cash,Retail,Visayas,0.09,2089.94
1898,2026-03-16,Rice,Organic Eggs,4,574.11,GCash,Retail,Luzon,0.1,2066.8
1899,2026-01-12,Rice,Vegetable Oil,30,875.47,GCash,Wholesale,Mindanao,0.1,23637.69
1900,2026-03-15,Eggs,Angelika,33,1303.81,Cash,Retail,Mindanao,0.02,42165.22
1901,2026-04-06,Rice,Vegetable Oil,36,933.47,Bank Transfer,Retail,Luzon,0.13,29236.28
1902,2026-01-16,Eggs,Vegetable Oil,18,1497.18,Bank Transfer,Wholesale,Visayas,0.08,24793.3
1903,2026-03-13,Oil,Vegetable Oil,37,1059.06,GCash,Wholesale,Luzon,0.07,36442.25
1904,2026-04-12,Rice,Premium Rice,19,821.16,Cash,Wholesale,Visayas,0.15,13261.73
1905,2026-03-17,Oil,Well-Milled Rice,47,720.11,Bank Transfer,Wholesale,Luzon,0.11,30122.2
1906,2026-01-24,Oil,Dinorado,28,850.52,GCash,Retail,Luzon,0.02,23338.27
1907,2026-01-28,Rice,Dinorado,40,872.53,GCash,Wholesale,Luzon,0.11,31062.07
1908,2026-04-27,Rice,Angelika,20,568.71,Cash,Wholesale,Luzon,0.01,11260.46
1909,2026-01-08,Oil,Vegetable Oil,49,869.57,GCash,Retail,Visayas,0.0,42608.93
1910,2026-04-02,Rice,Angelika,33,964.24,Bank Transfer,Retail,Visayas,0.06,29910.72
1911,2026-02-05,Eggs,Premium Rice,12,1222.74,Cash,Retail,Mindanao,0.15,12471.95
1912,2026-03-31,Eggs,Premium Rice,15,1156.73,Bank Transfer,Wholesale,Luzon,0.03,16830.42
1913,2026-01-08,Rice,Sinandomeng,41,1208.77,Bank Transfer,Retail,Visayas,0.1,44603.61
1914,2026-02-27,Oil,Premium Rice,39,508.36,Bank Transfer,Wholesale,Visayas,0.03,19231.26
1915,2026-03-01,Rice,Sinandomeng,2,717.67,GCash,Wholesale,Visayas,0.11,1277.45
1916,2026-02-19,Rice,Well-Milled Rice,29,1161.68,GCash,Wholesale,Luzon,0.08,30993.62
1917,2026-01-28,Oil,Angelika,41,983.99,Bank Transfer,Retail,Mindanao,0.1,36309.23
1918,2026-04-02,Oil,Organic Eggs,10,505.31,Bank Transfer,Wholesale,Visayas,0.03,4901.51
1919,2026-04-11,Eggs,Well-Milled Rice,2,1304.49,Cash,Retail,Luzon,0.11,2321.99
1920,2026-02-10,Oil,Premium Rice,11,1272.81,Cash,Retail,Visayas,0.15,11900.77
1921,2026-04-10,Eggs,Well-Milled Rice,13,1048.42,GCash,Retail,Visayas,0.1,12266.51
1922,2026-03-05,Oil,Well-Milled Rice,10,566.46,GCash,Wholesale,Mindanao,0.07,5268.08
1923,2026-01-27,Rice,Well-Milled Rice,14,1266.52,Cash,Wholesale,Visayas,0.14,15248.9
1924,2026-04-28,Eggs,Premium Rice,18,1083.71,Bank Transfer,Wholesale,Visayas,0.0,19506.78
1925,2026-03-04,Eggs,Organic Eggs,9,1281.96,GCash,Retail,Luzon,0.11,10268.5
1926,2026-01-17,Eggs,Vegetable Oil,39,1251.75,Bank Transfer,Wholesale,Luzon,0.13,42471.88
1927,2026-03-14,Rice,Well-Milled Rice,28,1303.0,Cash,Wholesale,Mindanao,0.01,36119.16
1928,2026-02-02,Rice,Sinandomeng,3,1018.01,GCash,Wholesale,Luzon,0.07,2840.25
1929,2026-04-27,Rice,Premium Rice,20,640.32,GCash,Wholesale,Luzon,0.03,12422.21
1930,2026-03-25,Rice,Well-Milled Rice,6,1171.16,Cash,Wholesale,Mindanao,0.08,6464.8
1931,2026-03-18,Rice,Organic Eggs,27,1120.47,GCash,Retail,Visayas,0.1,27227.42
1932,2026-04-02,Eggs,Vegetable Oil,2,1242.25,Cash,Retail,Mindanao,0.05,2360.28
1933,2026-04-22,Rice,Premium Rice,29,669.88,GCash,Retail,Luzon,0.07,18066.66
1934,2026-01-29,Eggs,Dinorado,38,694.98,Cash,Retail,Mindanao,0.04,25352.87
1935,2026-01-13,Rice,Vegetable Oil,3,1390.41,GCash,Wholesale,Visayas,0.06,3920.96
1936,2026-02-15,Oil,Sinandomeng,16,1249.98,Bank Transfer,Retail,Mindanao,0.02,19599.69
1937,2026-02-04,Eggs,Well-Milled Rice,30,1408.23,Bank Transfer,Wholesale,Luzon,0.13,36754.8
1938,2026-01-06,Oil,Organic Eggs,40,1258.72,Bank Transfer,Retail,Luzon,0.0,50348.8
1939,2026-03-23,Eggs,Dinorado,2,1097.16,GCash,Retail,Mindanao,0.13,1909.06
1940,2026-04-25,Oil,Organic Eggs,17,1154.13,GCash,Retail,Visayas,0.09,17854.39
1941,2026-03-10,Rice,Dinorado,41,1389.13,Bank Transfer,Wholesale,Mindanao,0.05,54106.61
1942,2026-02-16,Rice,Premium Rice,12,1078.81,Bank Transfer,Wholesale,Visayas,0.11,11521.69
1943,2026-01-25,Rice,Dinorado,35,1132.39,Cash,Retail,Visayas,0.08,36462.96
1944,2026-03-07,Eggs,Sinandomeng,43,656.48,Cash,Wholesale,Mindanao,0.07,26252.64
1945,2026-01-10,Oil,Sinandomeng,1,973.92,Cash,Retail,Visayas,0.02,954.44
1946,2026-02-25,Rice,Angelika,45,1216.4,Bank Transfer,Retail,Luzon,0.06,51453.72
1947,2026-01-30,Oil,Sinandomeng,15,770.94,Bank Transfer,Retail,Mindanao,0.04,11101.54
1948,2026-04-24,Oil,Vegetable Oil,26,702.25,Bank Transfer,Wholesale,Visayas,0.0,18258.5
1949,2026-04-19,Rice,Dinorado,37,813.83,Cash,Retail,Luzon,0.05,28606.12
1950,2026-01-05,Rice,Sinandomeng,21,741.5,GCash,Retail,Mindanao,0.01,15415.78
1951,2026-04-29,Oil,Premium Rice,49,714.91,Bank Transfer,Retail,Luzon,0.04,33629.37
1952,2026-04-30,Rice,Organic Eggs,31,924.85,GCash,Wholesale,Luzon,0.01,28383.65
1953,2026-02-02,Rice,Organic Eggs,25,1407.84,GCash,Retail,Luzon,0.02,34492.08
1954,2026-04-28,Rice,Angelika,23,1007.06,GCash,Wholesale,Visayas,0.03,22467.51
1955,2026-03-06,Eggs,Organic Eggs,24,687.92,Cash,Retail,Mindanao,0.15,14033.57
1956,2026-01-18,Oil,Dinorado,38,576.97,GCash,Wholesale,Mindanao,0.0,21924.86
1957,2026-04-06,Oil,Angelika,28,1196.16,Bank Transfer,Retail,Visayas,0.1,30143.23
1958,2026-04-21,Eggs,Dinorado,21,882.8,Cash,Retail,Mindanao,0.02,18168.02
1959,2026-02-18,Oil,Premium Rice,43,1321.83,Bank Transfer,Wholesale,Luzon,0.14,48881.27
1960,2026-01-11,Rice,Angelika,18,1159.51,Bank Transfer,Wholesale,Mindanao,0.01,20662.47
1961,2026-03-26,Oil,Well-Milled Rice,36,1296.24,Cash,Retail,Visayas,0.14,40131.59
1962,2026-01-26,Rice,Vegetable Oil,35,771.95,Bank Transfer,Wholesale,Luzon,0.09,24586.61
1963,2026-03-04,Eggs,Vegetable Oil,45,1192.36,Bank Transfer,Retail,Visayas,0.0,53656.2
1964,2026-03-30,Rice,Dinorado,9,764.06,Cash,Retail,Luzon,0.13,5982.59
1965,2026-03-27,Oil,Organic Eggs,38,1439.07,Bank Transfer,Retail,Luzon,0.08,50309.89
1966,2026-02-28,Oil,Well-Milled Rice,30,1136.37,GCash,Wholesale,Mindanao,0.04,32727.46
1967,2026-01-27,Oil,Angelika,44,824.51,Bank Transfer,Retail,Luzon,0.12,31925.03
1968,2026-02-18,Eggs,Well-Milled Rice,34,769.51,GCash,Wholesale,Visayas,0.14,22500.47
1969,2026-03-18,Eggs,Well-Milled Rice,32,690.93,Bank Transfer,Retail,Mindanao,0.07,20562.08
1970,2026-02-02,Oil,Organic Eggs,3,1194.64,Cash,Wholesale,Visayas,0.05,3404.72
1971,2026-04-08,Rice,Angelika,3,718.72,Cash,Wholesale,Luzon,0.12,1897.42
1972,2026-04-15,Eggs,Premium Rice,28,1095.3,Bank Transfer,Retail,Visayas,0.1,27601.56
1973,2026-04-09,Oil,Organic Eggs,44,764.64,Cash,Wholesale,Visayas,0.13,29270.42
1974,2026-01-01,Oil,Well-Milled Rice,15,1161.97,Bank Transfer,Retail,Luzon,0.1,15686.6
1975,2026-01-21,Eggs,Well-Milled Rice,41,1314.94,Cash,Retail,Mindanao,0.04,51756.04
1976,2026-04-22,Eggs,Premium Rice,23,1278.03,GCash,Retail,Visayas,0.14,25279.43
1977,2026-02-24,Eggs,Well-Milled Rice,40,1260.85,Bank Transfer,Retail,Luzon,0.02,49425.32
1978,2026-01-06,Rice,Well-Milled Rice,11,687.72,GCash,Retail,Mindanao,0.04,7262.32
1979,2026-04-02,Rice,Well-Milled Rice,48,588.38,GCash,Wholesale,Mindanao,0.08,25982.86
1980,2026-03-22,Oil,Vegetable Oil,32,1198.95,Bank Transfer,Retail,Mindanao,0.08,35297.09
1981,2026-03-10,Eggs,Organic Eggs,36,868.35,GCash,Wholesale,Visayas,0.0,31260.6
1982,2026-04-05,Rice,Sinandomeng,33,932.35,Bank Transfer,Wholesale,Visayas,0.12,27075.44
1983,2026-01-05,Eggs,Organic Eggs,24,531.15,GCash,Retail,Visayas,0.05,12110.22
1984,2026-04-12,Oil,Premium Rice,39,759.58,Bank Transfer,Wholesale,Mindanao,0.06,27846.2
1985,2026-01-03,Rice,Well-Milled Rice,34,533.68,Bank Transfer,Retail,Visayas,0.12,15967.71
1986,2026-02-22,Rice,Organic Eggs,28,1379.19,Cash,Wholesale,Luzon,0.06,36300.28
1987,2026-01-23,Rice,Vegetable Oil,37,743.4,Bank Transfer,Wholesale,Visayas,0.01,27230.74
1988,2026-04-11,Oil,Premium Rice,7,1057.34,Bank Transfer,Wholesale,Visayas,0.03,7179.34
1989,2026-02-22,Eggs,Dinorado,4,538.98,GCash,Retail,Mindanao,0.14,1854.09
1990,2026-02-06,Rice,Organic Eggs,37,1166.85,Bank Transfer,Wholesale,Visayas,0.01,42741.72
1991,2026-03-15,Oil,Dinorado,1,823.03,Cash,Retail,Luzon,0.05,781.88
1992,2026-03-15,Eggs,Well-Milled Rice,1,1397.92,GCash,Wholesale,Mindanao,0.08,1286.09
1993,2026-03-24,Oil,Vegetable Oil,47,1388.12,GCash,Wholesale,Luzon,0.07,60674.73
1994,2026-01-17,Eggs,Vegetable Oil,20,825.29,Cash,Wholesale,Mindanao,0.0,16505.8
1995,2026-03-26,Oil,Organic Eggs,19,1400.96,GCash,Wholesale,Mindanao,0.08,24488.78
1996,2026-03-19,Eggs,Premium Rice,29,1496.16,GCash,Retail,Visayas,0.06,40785.32
1997,2026-03-14,Rice,Premium Rice,10,1325.42,GCash,Retail,Luzon,0.15,11266.07
1998,2026-04-20,Eggs,Vegetable Oil,18,1344.87,GCash,Wholesale,Mindanao,0.02,23723.51
1999,2026-01-01,Oil,Premium Rice,28,749.01,Cash,Wholesale,Visayas,0.05,19923.67
2000,2026-02-20,Oil,Vegetable Oil,35,1076.7,Cash,Retail,Mindanao,0.06,35423.43
